,鄉鎮市區,交易標的,土地位置建物門牌,土地移轉總面積平方公尺,都市土地使用分區,非都市土地使用分區,非都市土地使用編定,交易年月日,交易筆棟數,移轉層次,總樓層數,建物型態,主要用途,主要建材,建築完成年月,建物移轉總面積平方公尺,建物現況格局-房,建物現況格局-廳,建物現況格局-衛,建物現況格局-隔間,有無管理組織,總價元,單價元平方公尺,車位類別,車位移轉總面積(平方公尺),車位總價元,備註,編號,主建物面積,附屬建物面積,陽台面積,電梯,移轉編號
0,苗栗市,房地(土地+建物),苗栗縣苗栗市清華里２３鄰為公路３０９號九樓,31.77,商,nan,nan,1080416,土地4建物1車位0,九層,nan,住宅大樓(11層含以上有電梯),見其他登記事項,鋼筋混凝土造,830908.0,356.39,0,0,2,無,無,6300000,17677.0,nan,0.0,0,nan,RPXNMLRKNHOFFBK17CA,287.67,0.0,0.0,nan,nan
1,苑裡鎮,房地(土地+建物),苗栗縣苑裡鎮舊社里４鄰舊社４４之１號,74.77,nan,鄉村區,乙種建築用地,1080402,土地1建物1車位0,全,三層,透天厝,住家用,加強磚造,nan,207.66,3,2,3,有,無,3000000,14447.0,nan,0.0,0,親友、員工或其他特殊關係間之交易。；所有稅金由買方負擔,RPUOMLSLNHOFFCK27CA,207.66,0.0,0.0,nan,nan
2,後龍鎮,土地,苦苓腳段2980地號,197.5,nan,特定農業區,甲種建築用地,1080401,土地1建物0車位0,nan,nan,其他,nan,nan,nan,0.0,0,0,0,有,無,300000,1519.0,nan,0.0,0,此案為親友關係間之交易，並由買方支付土地增值稅＄42340元,RPTOMLNKNHOFFDK66CA,0.0,0.0,0.0,nan,nan
3,頭份市,房地(土地+建物),苗栗縣頭份市民生里６鄰富貴街１４巷５號三樓,30.81,住,nan,nan,1080411,土地1建物1車位0,三層,七層,華廈(10層含以下有電梯),住家用,鋼筋混凝土造,820820.0,128.52,3,2,1,有,有,3500000,27233.0,nan,0.0,0,親友、員工或其他特殊關係間之交易。；,RPQNMLOKNHOFFFK56CA,85.11,0.0,10.06,nan,nan
4,頭份市,土地,文化段570地號,345.95,住,nan,nan,1080315,土地2建物0車位0,nan,nan,其他,nan,nan,nan,0.0,0,0,0,有,無,10725000,31002.0,nan,0.0,0,親友、員工或其他特殊關係間之交易。；親屬間買賣及債務關係,RPUNMLTLNHOFFFK57CA,0.0,0.0,0.0,nan,nan
5,頭份市,土地,文化段545地號,156.0,住,nan,nan,1080510,土地2建物0車位0,nan,nan,其他,nan,nan,nan,0.0,0,0,0,有,無,4626000,29654.0,nan,0.0,0,親友、員工或其他特殊關係間之交易。；親屬間買賣及債務關係,RPXNMLTLNHOFFFK87CA,0.0,0.0,0.0,nan,nan
6,南庄鄉,房地(土地+建物),苗栗縣南庄鄉田美村１３鄰四灣６１之３號,926.0,nan,山坡地保育區,林業用地,1080414,土地1建物1車位0,一層，二層,二層,農舍,農舍,木造,910812.0,126.24,4,2,4,有,無,3880000,nan,nan,0.0,0,nan,RPPNMLQKNHOFFFK66CA,94.44,27.39,4.41,nan,nan
7,竹南鎮,房地(土地+建物),苗栗縣竹南鎮正南里２３鄰大營路１０６號四樓,28.71,住,nan,nan,1080419,土地1建物1車位0,四層,七層,華廈(10層含以下有電梯),住家用,鋼筋混凝土造,850308.0,142.38,3,2,2,有,無,3581677,25156.0,nan,0.0,0,親友、員工或其他特殊關係間之交易。；受債權債務影響或債務抵償之交易。；,RPVNMLPKNHOFFDK96CA,111.4,0.0,8.25,nan,nan
8,後龍鎮,土地,新興段670地號,67.69,nan,特定農業區,甲種建築用地,1080328,土地1建物0車位0,nan,nan,其他,nan,nan,nan,0.0,0,0,0,有,無,358000,5289.0,nan,0.0,0,親友、員工或其他特殊關係間之交易。；,RPXNMLPKNHOFFDK17CA,0.0,0.0,0.0,nan,nan
9,苗栗市,房地(土地+建物),苗栗縣苗栗市清華里２３鄰為公路３０９號八樓,31.77,商,nan,nan,1080429,土地4建物1車位0,八層,nan,住宅大樓(11層含以上有電梯),見其他登記事項,鋼筋混凝土造,830908.0,356.39,0,0,2,無,無,6300000,17677.0,nan,0.0,0,nan,RPWNMLRKNHOFFBK07CA,287.67,0.0,0.0,nan,nan
10,通霄鎮,土地,烏眉坑段269-6地號,2569.0,nan,山坡地保育區,農牧用地,1080323,土地1建物0車位0,nan,nan,其他,nan,nan,nan,0.0,0,0,0,有,無,4660000,1814.0,nan,0.0,0,土地分次登記案件，尚有規劃中供通行農路及公共使用共有持分土地未移轉。,RPRNMLNJOHOFFCK88CA,0.0,0.0,0.0,nan,nan
11,竹南鎮,房地(土地+建物),苗栗縣竹南鎮海口里１０鄰國校前１７號,92.0,住,nan,nan,1080220,土地1建物1車位0,全,四層,透天厝,住家用,鋼筋混凝土造,840410.0,162.11,3,2,3,有,無,7200000,44414.0,nan,0.0,0,親友、員工或其他特殊關係間之交易。；,RPUNMLMLNHOFFDK66CA,150.3,0.0,11.81,nan,nan
12,頭份市,土地,水源段220-4地號,616.0,nan,山坡地保育區,林業用地,1080415,土地5建物0車位0,nan,nan,其他,nan,nan,nan,0.0,0,0,0,有,無,300000,487.0,nan,0.0,0,受債權債務影響或債務抵償之交易。；,RPUOMLRKNHOFFFK37CA,0.0,0.0,0.0,nan,nan
13,苗栗市,土地,福全段1385地號,22.32,住,nan,nan,1080425,土地1建物0車位0,nan,nan,其他,nan,nan,nan,0.0,0,0,0,有,無,466888,20918.0,nan,0.0,0,向政府機關承購之案件。；國有土地標售,RPRNMLRKNHOFFBK66DA,0.0,0.0,0.0,nan,nan
14,竹南鎮,房地(土地+建物),苗栗縣竹南鎮正南里和平街2號,83.59,住,nan,nan,1080415,土地2建物1車位0,全,三層,透天厝,住商用,鋼筋混凝土造,650528.0,152.94,5,2,3,有,無,6000000,39231.0,nan,0.0,0,包含公共設施保留地之交易。；,RPQNMLKLNHOFFDK78DA,152.94,0.0,0.0,nan,nan
15,竹南鎮,土地,文化段710地號,21.35,住,nan,nan,1080401,土地2建物0車位0,nan,nan,其他,nan,nan,nan,0.0,0,0,0,有,無,1597620,74830.0,nan,0.0,0,向政府機關承購之案件。；,RPUNMLKKOHOFFDK56DA,0.0,0.0,0.0,nan,nan
16,三義鄉,房地(土地+建物),苗栗縣三義鄉大坑66之8號,2664.0,nan,山坡地保育區,農牧用地,1080325,土地1建物1車位0,一層，二層，屋頂突出物,二層,農舍,農舍,鋼筋混凝土造,1030312.0,381.43,3,2,5,有,無,23880000,nan,nan,0.0,0,含增建或未登記建物。；,RPQNMLQJOHOFFEK66CA,345.99,0.0,35.44,nan,nan
17,苗栗市,房地(土地+建物)+車位,苗栗縣苗栗市青苗里４鄰維新街２１號九樓之二,31.62,住,nan,nan,1080408,土地2建物1車位1,九層，見其他登記事項,九層,華廈(10層含以下有電梯),住家用,鋼筋混凝土造,1071123.0,129.19,4,2,3,有,無,9700000,75083.0,一樓平面,0.0,0,nan,RPQNMLMLNHOFFBK68CA,59.12,0.0,6.01,nan,nan
18,苗栗市,房地(土地+建物),苗栗縣苗栗市福麗里１６鄰文城街７９號,81.44,住,nan,nan,1080423,土地1建物1車位0,全,三層,透天厝,住家用,鋼筋混凝土造,910529.0,169.61,4,2,3,有,無,5200000,30659.0,nan,0.0,0,親友、員工或其他特殊關係間之交易。；,RPQNMLKLNHOFFBK48CA,161.85,0.0,7.76,nan,nan
19,頭份市,房地(土地+建物),苗栗縣頭份市田寮里１９鄰永康街５８巷５號,88.12,住,nan,nan,1080417,土地2建物1車位0,全,四層,透天厝,見其他登記事項,見其他登記事項,970528.0,231.72,3,2,3,有,無,8000000,34524.0,nan,0.0,0,親友、員工或其他特殊關係間之交易。；,RPQOMLLMNHOFFFK56CA,186.9,1.91,11.35,nan,nan
20,頭份市,房地(土地+建物)+車位,苗栗縣頭份市合興里7鄰信義路504巷41號,38.21,住,nan,nan,1080417,土地1建物1車位1,一層，騎樓,六層,華廈(10層含以下有電梯),商業用,鋼筋混凝土造,821004.0,215.75,0,0,1,無,有,4580000,21228.0,坡道平面,0.0,0,nan,RPUNMLMLNHOFFFK86CA,154.1,0.0,0.0,nan,nan
21,頭份市,土地,興埔段1224地號,322.14,nan,山坡地保育區,丙種建築用地,1080509,土地1建物0車位0,nan,nan,其他,nan,nan,nan,0.0,0,0,0,有,無,1552000,4818.0,nan,0.0,0,親友、員工或其他特殊關係間之交易。；,RPTNMLMLNHOFFFK86DA,0.0,0.0,0.0,nan,nan
22,後龍鎮,房地(土地+建物),苗栗縣後龍鎮新民里１３鄰西社１３１之１０號,107.39,nan,鄉村區,乙種建築用地,1080506,土地1建物1車位0,全,三層,透天厝,住家用,鋼筋混凝土造,881124.0,175.81,3,2,3,有,無,2000000,11376.0,nan,0.0,0,親友、員工或其他特殊關係間之交易。；,RPPOMLLLNHOFFDK78CA,175.81,0.0,0.0,nan,nan
23,竹南鎮,房地(土地+建物)+車位,苗栗縣竹南鎮海口里６鄰光德路２３３巷２弄２１號五樓之一,51.37,住,nan,nan,1080510,土地1建物1車位1,五層,五層,華廈(10層含以下有電梯),見其他登記事項,鋼筋混凝土造,1071121.0,146.94,3,2,2,有,無,4400000,29944.0,一樓平面,0.0,0,親友、員工或其他特殊關係間之交易。；急買急賣。；,RPRNMLMLNHOFFDK98CA,90.14,0.0,10.08,nan,nan
24,苑裡鎮,土地,大埔北段500地號,190.58,nan,特定農業區,甲種建築用地,1080503,土地1建物0車位0,nan,nan,其他,nan,nan,nan,0.0,0,0,0,有,無,1153000,6050.0,nan,0.0,0,持分土地分次買,RPQNMLMLNHOFFCK78CA,0.0,0.0,0.0,nan,nan
25,苗栗市,房地(土地+建物),苗栗縣苗栗市水源里２１鄰金陽街２７號,30.58,住,nan,nan,1080429,土地1建物1車位0,一層，二層，騎樓,nan,店面(店鋪),住商用,鋼筋混凝土造,820425.0,131.09,0,0,0,無,無,1800000,13731.0,nan,0.0,0,nan,RPQNMLOKOHOFFBK88CA,95.13,0.0,5.25,nan,nan
26,卓蘭鎮,土地,西坪段277-5地號,13785.68,nan,山坡地保育區,農牧用地,1080409,土地5建物0車位0,nan,nan,其他,nan,nan,nan,0.0,0,0,0,有,無,12100000,878.0,nan,0.0,0,含增建或未登記建物。；土地及建物分次登記案件。前案土地登記收件字號：；,RPVNMLLKOHOFFAK98CA,0.0,0.0,0.0,nan,nan
27,苗栗市,房地(土地+建物)+車位,苗栗縣苗栗市建功里２５鄰民族路６６巷６號十樓之一,12.0,住,nan,nan,1080503,土地1建物1車位35,十層，夾層,十層,華廈(10層含以下有電梯),見其他登記事項,鋼筋混凝土造,870618.0,971.0,3,2,1,有,有,6280000,6468.0,升降機械,0.0,5000000,平面停車位編號39.45.50共3個，每個車位單價20萬元。機械停車位編號2.3.4.5.6.7.8.9.10.11.12.13.16.17.18.19.20.21.22.23.24.25.26.27.28.29.30.31.32.33.34.35共32個，每個車位單價137500元。,RPPOMLSKOHOFFBK66CA,58.97,0.0,5.48,nan,nan
28,苗栗市,土地,文山段973地號,380.0,nan,山坡地保育區,丙種建築用地,1080312,土地2建物0車位0,nan,nan,其他,nan,nan,nan,0.0,0,0,0,有,無,2119500,5578.0,nan,0.0,0,親友、員工或其他特殊關係間之交易。；,RPROMLSKOHOFFBK86CA,0.0,0.0,0.0,nan,nan
29,苑裡鎮,土地,西海段1106地號,317.5,nan,特定農業區,農牧用地,1080319,土地1建物0車位0,nan,nan,其他,nan,nan,nan,0.0,0,0,0,有,無,700000,2205.0,nan,0.0,0,親友、員工或其他特殊關係間之交易。；,RPPNMLLKOHOFFCK68DA,0.0,0.0,0.0,nan,nan
30,頭份市,房地(土地+建物)+車位,苗栗縣頭份市蟠桃里８鄰擁翠庭１３號五樓,54.52,住,nan,nan,1071224,土地1建物1車位1,五層，六層,六層,華廈(10層含以下有電梯),住家用,鋼筋混凝土造,820215.0,286.71,4,2,3,有,有,7200000,25112.0,坡道平面,0.0,0,nan,RPVNMLMLNHOFFFK96CA,150.22,23.93,0.0,nan,nan
31,三灣鄉,房地(土地+建物),苗栗縣三灣鄉銅鏡村１０鄰大銅鑼圈１３號,1366.0,nan,山坡地保育區,丙種建築用地,1080405,土地2建物1車位0,一層，二層，見其他登記事項,二層,農舍,見其他登記事項,見其他登記事項,1010319.0,382.0,4,3,4,有,無,22000000,nan,nan,0.0,0,nan,RPSOMLMLNHOFFFK76CA,363.06,0.0,18.94,nan,nan
32,銅鑼鄉,房地(土地+建物),苗栗縣銅鑼鄉朝陽村９鄰朝東２４號三樓,141.44,住,nan,nan,1080426,土地1建物1車位0,全,三層,透天厝,住家用,鋼筋混凝土造,750301.0,116.04,3,0,1,有,無,3200000,27577.0,nan,0.0,0,親友、員工或其他特殊關係間之交易。；,RPPNMLNLNHOFFEK98CA,92.83,0.0,23.21,nan,nan
33,竹南鎮,土地,大同段851地號,208.0,住,nan,nan,1080226,土地1建物0車位0,nan,nan,其他,nan,nan,nan,0.0,0,0,0,有,無,8810000,42356.0,nan,0.0,0,親友、員工或其他特殊關係間之交易。；,RPTNMLOLNHOFFDK86DA,0.0,0.0,0.0,nan,nan
34,竹南鎮,房地(土地+建物)+車位,苗栗縣竹南鎮科專六路316號,23.5,住,nan,nan,1080509,土地1建物1車位1,一層,十一層,店面(店鋪),見其他登記事項,鋼筋混凝土造,1051012.0,87.75,0,0,0,無,有,6500000,74074.0,一樓平面,21.0,0,親友、員工或其他特殊關係間之交易。；,RPWNMLLMNHOFFDK86CA,46.71,0.0,0.0,nan,nan
35,苗栗市,房地(土地+建物),苗栗縣苗栗市福星里２１鄰中華東街６５號,103.78,住,nan,nan,1080429,土地2建物1車位0,一層，二層，三層，屋頂突出物，騎樓,三層,店面(店鋪),住商用,鋼筋混凝土造,960704.0,227.53,4,2,3,有,無,8000000,35160.0,nan,0.0,0,含增建或未登記建物。；,RPRNMLSKOHOFFBK76CA,204.54,0.0,22.99,nan,nan
36,公館鄉,房地(土地+建物),苗栗縣公館鄉館中村１７鄰通明街４８號一樓.二樓,61.44,住,nan,nan,1080409,土地1建物2車位0,二層,nan,店面(店鋪),住家用,鋼筋混凝土造,851012.0,149.72,4,2,4,有,無,10000000,66791.0,nan,0.0,0,親友、員工或其他特殊關係間之交易。；,RPPNMLTKOHOFFBK66CA,104.86,3.46,6.91,nan,nan
37,苗栗市,房地(土地+建物)+車位,苗栗縣苗栗市福安里１４鄰安泰１２２之１２號五樓,46.42,住,nan,nan,1080423,土地3建物1車位1,四層，五層，屋頂突出物,五層,其他,住家用,鋼筋混凝土造,831230.0,144.15,3,2,2,有,無,2500000,17343.0,一樓平面,0.0,0,nan,RPUOMLSKOHOFFBK17CA,103.21,3.1,11.5,nan,nan
38,竹南鎮,土地,公館子段611-4地號,615.0,nan,特定農業區,農牧用地,1080513,土地1建物0車位0,nan,nan,其他,nan,nan,nan,0.0,0,0,0,有,無,2250000,3659.0,nan,0.0,0,親友、員工或其他特殊關係間之交易。；,RPUNMLOLNHOFFDK86CA,0.0,0.0,0.0,nan,nan
39,竹南鎮,房地(土地+建物),苗栗縣竹南鎮竹興里１５鄰竹圍街２５９巷１８號,76.0,nan,鄉村區,乙種建築用地,1080412,土地1建物1車位0,全,二層,透天厝,住家用,鋼筋混凝土加強磚造,680126.0,114.08,5,3,2,有,無,1087543,9533.0,nan,0.0,0,親友、員工或其他特殊關係間之交易。；受債權債務影響或債務抵償之交易。；,RPRNMLRLNHOFFDK86CA,114.08,0.0,0.0,nan,nan
40,後龍鎮,土地,崎頂段307-4地號,281.0,nan,nan,nan,1080514,土地1建物0車位0,nan,nan,其他,nan,nan,nan,0.0,0,0,0,有,無,0,0.0,nan,0.0,0,親友、員工或其他特殊關係間之交易。；本筆土地原係兩人共有因辦理共有物分割時礙於耕地分割法令限制故另依法令辦理分割.買賣.合併登記.,RPQNMLTLNHOFFDK96CA,0.0,0.0,0.0,nan,nan
41,竹南鎮,土地,成功段48-3地號,66.52,住,nan,nan,1080502,土地3建物0車位0,nan,nan,其他,nan,nan,nan,0.0,0,0,0,有,無,700000,10523.0,nan,0.0,0,親友、員工或其他特殊關係間之交易。；,RPRNMLOLNHOFFDK66DA,0.0,0.0,0.0,nan,nan
42,頭份市,房地(土地+建物),苗栗縣頭份市上埔里２１鄰松竹新村１８９號,70.0,住,nan,nan,1080506,土地1建物1車位0,全,一層,透天厝,住家用,見其他登記事項,641108.0,43.12,5,1,3,有,無,2800000,64935.0,nan,0.0,0,親友、員工或其他特殊關係間之交易。；,RPPNMLKMNHOFFFK88CA,43.12,0.0,0.0,nan,nan
43,後龍鎮,房地(土地+建物),苗栗縣後龍鎮埔頂里１５鄰厝勝路１７４號,185.0,nan,鄉村區,乙種建築用地,1080425,土地1建物1車位0,全,二層,透天厝,住家用,鋼筋混凝土加強磚造,720321.0,200.89,5,2,2,有,無,1500000,7467.0,nan,0.0,0,親友、員工或其他特殊關係間之交易。；,RPRNMLSLNHOFFDK96CA,187.19,7.48,6.22,nan,nan
44,苗栗市,房地(土地+建物),苗栗縣苗栗市文聖里２１鄰祥雲９０號三樓,81.66,nan,山坡地保育區,丙種建築用地,1080419,土地1建物1車位0,三層，四層，屋頂突出物,四層,公寓(5樓含以下無電梯),住家用,鋼筋混凝土造,840215.0,147.23,4,2,3,有,無,1320000,8966.0,nan,0.0,0,nan,RPQNMLSLNHOFFBK66CA,118.8,0.0,20.39,nan,nan
45,苗栗市,土地,嘉盛段959地號,1330.88,nan,特定農業區,農牧用地,1080423,土地1建物0車位0,nan,nan,其他,nan,nan,nan,0.0,0,0,0,有,無,3500000,2630.0,nan,0.0,0,親友、員工或其他特殊關係間之交易。；,RPRNMLSLNHOFFBK76CA,0.0,0.0,0.0,nan,nan
46,苗栗市,房地(土地+建物),苗栗縣苗栗市清華里２３鄰為公路３１１號,19.67,商,nan,nan,1080420,土地4建物1車位0,一層，二層，騎樓,nan,辦公商業大樓,見其他登記事項,鋼筋混凝土造,830908.0,218.61,2,1,3,有,無,7750000,35451.0,nan,0.0,0,nan,RPQNMLNJOHOFFBK68CA,176.06,0.0,0.0,nan,nan
47,苑裡鎮,土地,大埔北段2-10地號,29144.78,nan,山坡地保育區,農牧用地,1080416,土地11建物0車位0,nan,nan,其他,nan,nan,nan,0.0,0,0,0,有,無,30000000,1029.0,nan,0.0,0,受債權債務影響或債務抵償之交易。；,RPRNMLLMNHOFFCK88CA,0.0,0.0,0.0,nan,nan
48,竹南鎮,土地,新生段1045地號,16.23,住,nan,nan,1080506,土地1建物0車位0,nan,nan,其他,nan,nan,nan,0.0,0,0,0,有,無,536000,33025.0,nan,0.0,0,瑕疵物件之交易。；持分買賣.,RPVNMLKMNHOFFDK66CA,0.0,0.0,0.0,nan,nan
49,頭份市,土地,觀音段632地號,1365.86,nan,山坡地保育區,農牧用地,1080517,土地1建物0車位0,nan,nan,其他,nan,nan,nan,0.0,0,0,0,有,無,2600000,1904.0,nan,0.0,0,親友、員工或其他特殊關係間之交易。；,RPWNMLSLNHOFFFK67CA,0.0,0.0,0.0,nan,nan
50,頭份市,房地(土地+建物),苗栗縣頭份市流東里1鄰信德路753號,1440.36,nan,山坡地保育區,農牧用地,1080306,土地1建物1車位0,一層，二層,二層,農舍,農舍,鋼筋混凝土造,1051117.0,228.4,4,2,3,有,無,14000000,nan,nan,0.0,0,nan,RPXNMLSLNHOFFFK77CA,228.4,0.0,0.0,nan,nan
51,三義鄉,房地(土地+建物),苗栗縣三義鄉勝興村４鄰二十份９４號,91.7,nan,鄉村區,乙種建築用地,1080504,土地1建物1車位0,全,二層,透天厝,住家用,鋼筋混凝土加強磚造,691002.0,108.82,4,2,2,有,無,2500000,22974.0,nan,0.0,0,賣方賣清，增值稅由買方負擔。,RPPNMLPLOHOFFEK66CA,95.82,13.0,0.0,nan,nan
52,頭份市,土地,義民段995地號,54.34,商,nan,nan,1071224,土地1建物0車位0,nan,nan,其他,nan,nan,nan,0.0,0,0,0,有,無,7000000,128819.0,nan,0.0,0,親友、員工或其他特殊關係間之交易。；,RPTNMLRKOHOFFFK27CA,0.0,0.0,0.0,nan,nan
53,後龍鎮,房地(土地+建物),苗栗縣後龍鎮明德街12號,73.0,住,nan,nan,1080402,土地1建物1車位0,全,二層,透天厝,住商用,鋼筋混凝土造,680915.0,94.94,5,3,3,有,無,3000000,31599.0,nan,0.0,0,親友、員工或其他特殊關係間之交易。；,RPTNMLQJOHOFFDK96DA,94.94,0.0,0.0,nan,nan
54,獅潭鄉,土地,獅潭段新店小段223-29地號,210.0,nan,山坡地保育區,農牧用地,1080506,土地1建物0車位0,nan,nan,其他,nan,nan,nan,0.0,0,0,0,有,無,53698,256.0,nan,0.0,0,向政府機關承購之案件。；,RPPNMLMKOHOFFAK58DA,0.0,0.0,0.0,nan,nan
55,頭份市,土地,興埔段1220地號,8.87,nan,山坡地保育區,丙種建築用地,1080513,土地1建物0車位0,nan,nan,其他,nan,nan,nan,0.0,0,0,0,有,無,66510,7498.0,nan,0.0,0,親友、員工或其他特殊關係間之交易。；,RPPOMLSLNHOFFFK17DA,0.0,0.0,0.0,nan,nan
56,卓蘭鎮,土地,上庄段865地號,1190.69,農,nan,nan,1080423,土地1建物0車位0,nan,nan,其他,nan,nan,nan,0.0,0,0,0,有,無,1839000,1544.0,nan,0.0,0,向政府機關承購之案件。；,RPVNMLTLNHOFFAK27DA,0.0,0.0,0.0,nan,nan
57,三義鄉,房地(土地+建物),苗栗縣三義鄉勝興村11鄰水美２２之２號,95.4,nan,鄉村區,乙種建築用地,1080417,土地1建物1車位0,全,二層,透天厝,住家用,鋼筋混凝土造,781009.0,126.75,4,2,4,有,無,1048680,8274.0,nan,0.0,0,親友、員工或其他特殊關係間之交易。；不動產之共有人數為２人，本案為兩親等之買賣，依公告現值移轉。,RPQNMLTLNHOFFEK07CA,119.02,0.0,7.73,nan,nan
58,苗栗市,房地(土地+建物),苗栗縣苗栗市嘉盛里２８鄰永興３３之６號,85.31,nan,特定農業區,甲種建築用地,1080503,土地1建物1車位0,全,一層,透天厝,住家用,加強磚造,nan,50.55,4,2,2,有,無,1500000,29674.0,nan,0.0,0,親友、員工或其他特殊關係間之交易。；,RPVNMLTLNHOFFBK27CA,50.55,0.0,0.0,nan,nan
59,苗栗市,房地(土地+建物),苗栗縣苗栗市新東街３４７巷３７弄２號,84.0,nan,鄉村區,乙種建築用地,1080510,土地1建物1車位0,全,nan,透天厝,住家用,加強磚造,660316.0,75.2,3,2,2,有,無,1200000,15957.0,nan,0.0,0,瑕疵物件之交易。；,RPWNMLLKOHOFFBK56CA,75.2,0.0,0.0,nan,nan
60,苑裡鎮,土地,玉山段1558地號,247.08,nan,特定農業區,農牧用地,1080502,土地1建物0車位0,nan,nan,其他,nan,nan,nan,0.0,0,0,0,有,無,1700000,6880.0,nan,0.0,0,親友、員工或其他特殊關係間之交易。；含增建或未登記建物。；買方負擔增值稅61075元,RPTNMLKLOHOFFCK98CA,0.0,0.0,0.0,nan,nan
61,通霄鎮,土地,土城段1164-1地號,2643.23,nan,山坡地保育區,農牧用地,1080430,土地3建物0車位0,nan,nan,其他,nan,nan,nan,0.0,0,0,0,有,無,3049200,1154.0,nan,0.0,0,親友、員工或其他特殊關係間之交易。；,RPQNMLOJOHOFFCK88CA,0.0,0.0,0.0,nan,nan
62,竹南鎮,房地(土地+建物),苗栗縣竹南鎮海口里２４鄰海口２１０之１１號,1.03,住,nan,nan,1080516,土地1建物1車位0,全,三層,透天厝,住家用,鋼筋混凝土造,1050125.0,1.81,5,2,5,有,無,66666,36832.0,nan,0.0,0,親友、員工或其他特殊關係間之交易。；,RPRNMLLMNHOFFDK98CA,1.66,0.01,0.14,nan,nan
63,竹南鎮,房地(土地+建物),苗栗縣竹南鎮竹南里２０鄰博愛街１７３巷６號,90.59,住,nan,nan,1080421,土地3建物1車位0,全,三層,透天厝,住家用,鋼筋混凝土造,660705.0,136.8,5,3,3,有,無,7000000,51170.0,nan,0.0,0,親友、員工或其他特殊關係間之交易。；,RPSNMLPJOHOFFDK66CA,127.44,0.0,9.36,nan,nan
64,竹南鎮,房地(土地+建物)+車位,苗栗縣竹南鎮新南里１１鄰新南街１６３號,30.75,住,nan,nan,1040924,土地1建物1車位1,一層，見其他登記事項,十四層,店面(店鋪),見其他登記事項,鋼筋混凝土造,1070827.0,156.04,0,0,1,無,有,11900000,90201.0,坡道平面,34.09,900000,nan,RPROMLNKOHOFFDK56CA,93.1,0.0,3.45,nan,nan
65,銅鑼鄉,土地,老雞隆段1013-3地號,11027.0,nan,山坡地保育區,農牧用地,1080423,土地8建物0車位0,nan,nan,其他,nan,nan,nan,0.0,0,0,0,有,無,8500000,771.0,nan,0.0,0,本買賣價金為賣清，增值稅共計850013元由買方負擔,RPPNMLQKOHOFFEK66CA,0.0,0.0,0.0,nan,nan
66,頭份市,土地,雙喜段157地號,500.0,nan,山坡地保育區,農牧用地,1080521,土地1建物0車位0,nan,nan,其他,nan,nan,nan,0.0,0,0,0,有,無,260000,520.0,nan,0.0,0,親友、員工或其他特殊關係間之交易。；,RPRNMLKMNHOFFFK09CA,0.0,0.0,0.0,nan,nan
67,三義鄉,土地,水美段264-1地號,8.66,nan,鄉村區,乙種建築用地,1080503,土地1建物0車位0,nan,nan,其他,nan,nan,nan,0.0,0,0,0,有,無,465648,53770.0,nan,0.0,0,向政府機關承購之案件。；,RPRNMLKLOHOFFEK09DA,0.0,0.0,0.0,nan,nan
68,苗栗市,土地,巨蛋段1235地號,3.91,住,nan,nan,1080502,土地1建物0車位0,nan,nan,其他,nan,nan,nan,0.0,0,0,0,有,無,295713,75630.0,nan,0.0,0,向政府機關承購之案件。；國有土地讓售,RPPNMLQJOHOFFBK98DA,0.0,0.0,0.0,nan,nan
69,頭份市,房地(土地+建物),苗栗縣頭份市自強里１３鄰中華路１０９１之２號,31.69,商,nan,nan,1080504,土地3建物2車位0,一層，二層,七層,華廈(10層含以下有電梯),住商用,鋼筋混凝土造,771219.0,153.74,2,1,2,有,無,4600000,29921.0,nan,0.0,0,nan,RPVNMLNKOHOFFFK07CA,142.09,0.0,4.36,nan,nan
70,苗栗市,房地(土地+建物)+車位,苗栗縣苗栗市福麗里２７鄰國華路１０１５巷５１號五樓之五,14.3,住,nan,nan,1080521,土地0建物1車位1,五層,十一層,套房(1房1廳1衛),住家用,鋼筋混凝土造,1071207.0,102.54,1,1,1,有,有,3500000,34133.0,坡道平面,33.84,0,nan,RPUNMLQKOHOFFBK86CA,37.02,0.0,6.22,nan,nan
71,苗栗市,房地(土地+建物),苗栗縣苗栗市北苗里２８鄰和興街２３號,49.77,商,nan,nan,1080417,土地1建物1車位0,全,四層,透天厝,住商用,鋼筋混凝土造,690610.0,326.42,3,2,3,有,無,2562100,7849.0,nan,0.0,0,親友、員工或其他特殊關係間之交易。；二等親之間的買賣,RPQNMLLMNHOFFBK68CA,326.42,0.0,0.0,nan,nan
72,竹南鎮,土地,慈裕段1029地號,40.78,其他,nan,nan,1080515,土地1建物0車位0,nan,nan,其他,nan,nan,nan,0.0,0,0,0,有,無,493480,12101.0,nan,0.0,0,包含公共設施保留地之交易。；,RPOOMLOJOHOFFDK88CA,0.0,0.0,0.0,nan,nan
73,竹南鎮,房地(土地+建物),苗栗縣竹南鎮公?里１鄰公?仔１０之３４號,74.52,nan,特定農業區,甲種建築用地,1080503,土地3建物1車位0,全,二層,透天厝,住家用,加強磚造,680401.0,134.14,4,2,3,有,無,810000,6038.0,nan,0.0,0,親友、員工或其他特殊關係間之交易。；,RPRNMLNJOHOFFDK98CA,134.14,0.0,0.0,nan,nan
74,竹南鎮,房地(土地+建物),苗栗縣竹南鎮大厝里南大路２１２巷７之３號,35.44,住,nan,nan,1080409,土地2建物1車位0,四層,四層,公寓(5樓含以下無電梯),住家用,鋼筋混凝土造,671201.0,81.54,3,2,1,有,無,1600000,19622.0,nan,0.0,0,包含公共設施保留地之交易。；價款含頂樓鐵皮屋建物,RPPNMLQJOHOFFDK09CA,75.82,0.0,0.0,nan,nan
75,後龍鎮,土地,崎頂段23-69地號,1100.0,nan,一般農業區,農牧用地,1080418,土地1建物0車位0,nan,nan,其他,nan,nan,nan,0.0,0,0,0,有,無,1700000,1545.0,nan,0.0,0,親友、員工或其他特殊關係間之交易。；,RPOOMLNKOHOFFDK88CA,0.0,0.0,0.0,nan,nan
76,頭份市,房地(土地+建物),苗栗縣頭份市東庄里５鄰中央路１２號二樓,19.06,住,nan,nan,1080418,土地1建物1車位0,二層,十二層,華廈(10層含以下有電梯),住家用,鋼筋混凝土造,801028.0,132.63,3,2,1,有,無,4600000,34683.0,nan,0.0,0,nan,RPQOMLLLOHOFFFK56CA,103.29,0.0,9.9,nan,nan
77,頭份市,房地(土地+建物)+車位,苗栗縣頭份市中興里３鄰自立街３１巷１１號五樓,27.8,住,nan,nan,1080516,土地1建物1車位1,五層,七層,住宅大樓(11層含以上有電梯),住家用,鋼筋混凝土造,1021224.0,134.12,2,2,1,有,有,5450000,40635.0,坡道平面,35.44,0,nan,RPQNMLNJOHOFFFK09CA,60.89,0.0,8.11,nan,nan
78,銅鑼鄉,土地,竹森段315地號,609.4,nan,特定農業區,水利用地,1080430,土地1建物0車位0,nan,nan,其他,nan,nan,nan,0.0,0,0,0,有,無,600000,985.0,nan,0.0,0,親友、員工或其他特殊關係間之交易。；,RPPNMLOJOHOFFEK98CA,0.0,0.0,0.0,nan,nan
79,竹南鎮,土地,龍鳳段1350地號,405.0,其他,nan,nan,1080511,土地2建物0車位0,nan,nan,其他,nan,nan,nan,0.0,0,0,0,有,無,1220000,3012.0,nan,0.0,0,包含公共設施保留地之交易。；本筆交易是捐給政府當容積率使用,RPVOMLLLOHOFFDK96DA,0.0,0.0,0.0,nan,nan
80,公館鄉,土地,尖山段454-5地號,46.0,nan,山坡地保育區,丙種建築用地,1080516,土地1建物0車位0,nan,nan,其他,nan,nan,nan,0.0,0,0,0,有,無,200910,4368.0,nan,0.0,0,畸零地或有合併使用之交易。；毗鄰土地  含土地增值稅20910,RPTOMLOJOHOFFBK66DA,0.0,0.0,0.0,nan,nan
81,頭份市,房地(土地+建物),苗栗縣頭份市水源路107巷20號,78.04,nan,特定農業區,甲種建築用地,1080409,土地1建物1車位0,全,二層,透天厝,住家用,鋼筋混凝土加強磚造,nan,141.36,4,2,2,有,無,907120,6417.0,nan,0.0,0,親友、員工或其他特殊關係間之交易。；,RPXNMLQJOHOFFFK57DA,141.36,0.0,0.0,nan,nan
82,竹南鎮,土地,溪南段272-2地號,76.6,nan,鄉村區,乙種建築用地,1080515,土地4建物0車位0,nan,nan,其他,nan,nan,nan,0.0,0,0,0,有,無,1388400,18125.0,nan,0.0,0,親友、員工或其他特殊關係間之交易。；連件108年南地所資字041440號,RPSNMLSKOHOFFDK07CA,0.0,0.0,0.0,nan,nan
83,公館鄉,房地(土地+建物)+車位,苗栗縣公館鄉館中村4鄰近光路301號4樓之1,34.37,商,nan,nan,1080510,土地1建物1車位1,四層,五層,華廈(10層含以下有電梯),住家用,見其他登記事項,1050923.0,105.74,2,2,1,有,無,4600000,43503.0,升降機械,0.0,0,土地及建物分次登記案件。前案土地登記收件字號：；,RPRNMLPLOHOFFBK66DA,63.1,0.0,5.8,nan,nan
84,獅潭鄉,土地,獅潭段永興小段767地號,140.0,nan,山坡地保育區,丙種建築用地,1080508,土地1建物0車位0,nan,nan,其他,nan,nan,nan,0.0,0,0,0,有,無,85000,607.0,nan,0.0,0,向政府機關承購之案件。；,RPQNMLOKOHOFFAK88DA,0.0,0.0,0.0,nan,nan
85,南庄鄉,土地,四灣段484-57地號,1052.0,nan,山坡地保育區,林業用地,1080524,土地1建物0車位0,nan,nan,其他,nan,nan,nan,0.0,0,0,0,有,無,2400000,2281.0,nan,0.0,0,親友、員工或其他特殊關係間之交易。；,RPVNMLQJOHOFFFK37DA,0.0,0.0,0.0,nan,nan
86,苑裡鎮,房地(土地+建物),苗栗縣苑裡鎮社苓里９鄰社苓９０之１４號,106.71,nan,鄉村區,乙種建築用地,1080408,土地1建物1車位0,全,二層,透天厝,住商用,鋼筋混凝土造,761012.0,128.92,4,2,3,有,無,100000,776.0,nan,0.0,0,親友、員工或其他特殊關係間之交易。；母子間買賣，並由買方負擔增值稅32560元,RPRNMLKLOHOFFCK78CA,128.92,0.0,0.0,nan,nan
87,公館鄉,房地(土地+建物),苗栗縣公館鄉鶴岡村１鄰７之１號,805.0,nan,特定農業區,農牧用地,1080521,土地1建物1車位0,一層，二層,nan,農舍,農舍,加強磚造,700720.0,228.8,5,4,2,有,無,8800000,nan,nan,0.0,0,nan,RPPNMLKKOHOFFBK38CA,196.3,0.0,32.5,nan,nan
88,後龍鎮,土地,龍社段1386-1地號,3420.9,nan,山坡地保育區,農牧用地,1080422,土地1建物0車位0,nan,nan,其他,nan,nan,nan,0.0,0,0,0,有,無,2120958,620.0,nan,0.0,0,親友、員工或其他特殊關係間之交易。；,RPWNMLLKOHOFFDK76CA,0.0,0.0,0.0,nan,nan
89,後龍鎮,土地,水尾子段2434地號,765.0,nan,特定農業區,農牧用地,1080517,土地1建物0車位0,nan,nan,其他,nan,nan,nan,0.0,0,0,0,有,無,800000,1046.0,nan,0.0,0,親友、員工或其他特殊關係間之交易。；,RPPNMLNKOHOFFDK88CA,0.0,0.0,0.0,nan,nan
90,後龍鎮,土地,龍南段1523-2地號,82.6,商,nan,nan,1080424,土地2建物0車位0,nan,nan,其他,nan,nan,nan,0.0,0,0,0,有,無,3570000,43220.0,nan,0.0,0,親友、員工或其他特殊關係間之交易。；,RPWNMLNKOHOFFDK96CA,0.0,0.0,0.0,nan,nan
91,頭份市,房地(土地+建物)+車位,苗栗縣頭份市珊湖里２鄰學府路２０巷１７號,144.61,nan,山坡地保育區,丙種建築用地,1080404,土地1建物1車位1,一層，二層，三層,三層,公寓(5樓含以下無電梯),住家用,鋼筋混凝土造,830905.0,239.58,5,3,4,有,無,4600000,19200.0,坡道平面,0.0,0,nan,RPSOMLLKOHOFFFK66CA,166.97,22.53,15.96,nan,nan
92,三灣鄉,土地,上坪段226-1地號,0.11,住,nan,nan,1080527,土地1建物0車位0,nan,nan,其他,nan,nan,nan,0.0,0,0,0,有,無,1000,0.0,nan,0.0,0,包含公共設施保留地之交易。；,RPQNMLRKOHOFFFK96CA,0.0,0.0,0.0,nan,nan
93,頭份市,房地(土地+建物),苗栗縣頭份市後庄里１８鄰信義路５４１號,134.96,住,nan,nan,1080521,土地3建物1車位0,全,二層,透天厝,住家用,鋼筋混凝土造,721230.0,161.44,3,2,2,有,無,12000000,74331.0,nan,0.0,0,親友、員工或其他特殊關係間之交易。；,RPUNMLOKOHOFFFK07CA,151.59,0.0,9.85,nan,nan
94,竹南鎮,房地(土地+建物)+車位,苗栗縣竹南鎮新南里3鄰維新路32之1號十一樓,2.74,商,nan,nan,1080428,土地2建物1車位1,十一層,十五層,住宅大樓(11層含以上有電梯),見其他登記事項,鋼筋混凝土造,1050415.0,127.55,2,2,2,有,有,6080000,47668.0,坡道機械,0.0,0,土地跨所分次登記案件。土地為華夏段，基地持分12.39平方公尺.建物共有部分為頭份華夏段持分44.05平方公尺.,RPUNMLNKOHOFFDK76CA,0.0,0.0,0.0,nan,nan
95,通霄鎮,土地,白東段1093地號,1289.54,nan,山坡地保育區,農牧用地,1080512,土地6建物0車位0,nan,nan,其他,nan,nan,nan,0.0,0,0,0,有,無,350000,271.0,nan,0.0,0,親友、員工或其他特殊關係間之交易。；,RPPNMLMLOHOFFCK78CA,0.0,0.0,0.0,nan,nan
96,苑裡鎮,土地,大埔北段79地號,179.79,nan,山坡地保育區,丙種建築用地,1080324,土地1建物0車位0,nan,nan,其他,nan,nan,nan,0.0,0,0,0,有,無,377538,2100.0,nan,0.0,0,親友、員工或其他特殊關係間之交易。；,RPXNMLOJPHOFFCK07CA,0.0,0.0,0.0,nan,nan
97,苗栗市,房地(土地+建物),苗栗縣苗栗市北苗里２鄰三西街６２號七樓,21.03,住,nan,nan,1080521,土地1建物1車位0,七層，電梯樓梯間,nan,華廈(10層含以下有電梯),住家用,鋼筋混凝土造,800115.0,114.0,3,2,2,有,無,2320000,20351.0,nan,0.0,0,nan,RPPNMLRLOHOFFBK56CA,99.77,0.0,13.52,nan,nan
98,大湖鄉,土地,興榮段140-1地號,382.5,nan,山坡地保育區,丙種建築用地,1080416,土地2建物0車位0,nan,nan,其他,nan,nan,nan,0.0,0,0,0,有,無,300000,784.0,nan,0.0,0,親友、員工或其他特殊關係間之交易。；含增建或未登記建物。；,RPPNMLLJPHOFFAK38CA,0.0,0.0,0.0,nan,nan
99,通霄鎮,土地,海濱段413地號,30.43,其他,nan,nan,1080523,土地1建物0車位0,nan,nan,其他,nan,nan,nan,0.0,0,0,0,有,無,2500000,82156.0,nan,0.0,0,含增建或未登記建物。；包含公共設施保留地之交易。；,RPTNMLOKOHOFFCK66CA,0.0,0.0,0.0,nan,nan
100,苗栗市,建物,苗栗縣苗栗市文聖里１１鄰文發路３７８巷１３弄４０號二樓,0.0,nan,nan,nan,1080603,土地0建物1車位1,二層,五層,公寓(5樓含以下無電梯),住家用,鋼筋混凝土造,851024.0,205.4,4,1,2,有,無,1900000,9250.0,一樓平面,31.5,0,瑕疵物件之交易。；本件買賣雙方無土地交易。,RPRNMLMKPHOFFBK88CA,125.99,0.0,16.24,nan,nan
101,苗栗市,房地(土地+建物),苗栗縣苗栗市文聖里２１鄰祥雲７４號三樓,163.31,nan,山坡地保育區,丙種建築用地,1080410,土地2建物2車位0,三層，四層，屋頂突出物,四層,公寓(5樓含以下無電梯),住家用,鋼筋混凝土造,840215.0,299.12,3,2,2,有,無,5000000,16716.0,nan,0.0,0,nan,RPPNMLMKPHOFFBK68CA,241.96,0.0,41.08,nan,nan
102,後龍鎮,土地,龍東段87-1地號,699.0,住,nan,nan,1080419,土地2建物0車位0,nan,nan,其他,nan,nan,nan,0.0,0,0,0,有,無,23193550,33181.0,nan,0.0,0,包含公共設施保留地之交易。；公共設施保留地價款新台幣30萬元整其餘為住價款,RPVNMLMKOHOFFDK76CA,0.0,0.0,0.0,nan,nan
103,竹南鎮,土地,慈裕段1029地號,14.41,其他,nan,nan,1080515,土地1建物0車位0,nan,nan,其他,nan,nan,nan,0.0,0,0,0,有,無,175670,12191.0,nan,0.0,0,包含公共設施保留地之交易。；,RPQNMLNKOHOFFDK98CA,0.0,0.0,0.0,nan,nan
104,竹南鎮,土地,慈裕段1029地號,8.16,其他,nan,nan,1080521,土地1建物0車位0,nan,nan,其他,nan,nan,nan,0.0,0,0,0,有,無,98700,12096.0,nan,0.0,0,包含公共設施保留地之交易。；,RPRNMLNKOHOFFDK09CA,0.0,0.0,0.0,nan,nan
105,苑裡鎮,土地,田心段215地號,1039.0,nan,特定農業區,農牧用地,1080503,土地1建物0車位0,nan,nan,其他,nan,nan,nan,0.0,0,0,0,有,無,2805300,2700.0,nan,0.0,0,親友、員工或其他特殊關係間之交易。；,RPSNMLOKOHOFFCK56CA,0.0,0.0,0.0,nan,nan
106,苗栗市,房地(土地+建物),苗栗縣苗栗市至公路４０６號,97.42,住,nan,nan,1080518,土地1建物1車位0,一層，二層，見其他登記事項,nan,店面(店鋪),住家用,加強磚造,560219.0,146.46,0,0,0,無,無,8020000,54759.0,nan,0.0,0,nan,RPPNMLOJPHOFFBK78CA,146.46,0.0,0.0,nan,nan
107,後龍鎮,土地,崎頂段386-25地號,1922.0,nan,一般農業區,農牧用地,1080508,土地1建物0車位0,nan,nan,其他,nan,nan,nan,0.0,0,0,0,有,無,2340000,1217.0,nan,0.0,0,親友、員工或其他特殊關係間之交易。；,RPRNMLTKOHOFFDK07CA,0.0,0.0,0.0,nan,nan
108,銅鑼鄉,房地(土地+建物),苗栗縣銅鑼鄉２３鄰民治路７號,1218.0,nan,工業區,丁種建築用地,1080423,土地1建物2車位0,一層，防空避難室,一層,工廠,工業用,鋼造,770129.0,346.73,2,1,1,有,無,29440000,nan,nan,0.0,0,nan,RPQNMLKLOHOFFEK88CA,346.73,0.0,0.0,nan,nan
109,後龍鎮,建物,苗栗縣後龍鎮龍坑里16鄰十班坑155之9號,0.0,nan,nan,nan,1080530,土地0建物1車位0,全,一層,透天厝,商業用,鋼骨混凝土造,921205.0,77.44,2,2,1,有,無,207198,2676.0,nan,0.0,0,親友、員工或其他特殊關係間之交易。；,RPRNMLPLOHOFFDK86DA,77.44,0.0,0.0,nan,nan
110,後龍鎮,建物,苗栗縣後龍鎮龍坑里16鄰十班坑155之11號,0.0,nan,nan,nan,1080530,土地0建物1車位0,全,一層,透天厝,商業用,鋼骨混凝土造,921205.0,75.55,2,2,1,有,無,207198,2743.0,nan,0.0,0,親友、員工或其他特殊關係間之交易。；,RPSNMLPLOHOFFDK96DA,75.55,0.0,0.0,nan,nan
111,後龍鎮,建物,苗栗縣後龍鎮龍坑里16鄰十班坑155之10號,0.0,nan,nan,nan,1080530,土地0建物1車位0,全,一層,透天厝,商業用,鋼骨混凝土造,921205.0,75.55,2,2,1,有,無,207198,2743.0,nan,0.0,0,親友、員工或其他特殊關係間之交易。；,RPTNMLPLOHOFFDK07DA,75.55,0.0,0.0,nan,nan
112,西湖鄉,土地,高埔段1196-13地號,167.0,nan,山坡地保育區,丙種建築用地,1080501,土地1建物0車位0,nan,nan,其他,nan,nan,nan,0.0,0,0,0,有,無,283900,1700.0,nan,0.0,0,親友、員工或其他特殊關係間之交易。；,RPTNMLRKOHOFFEK27DA,0.0,0.0,0.0,nan,nan
113,後龍鎮,土地,砂崙湖段320地號,46.51,nan,特定農業區,農牧用地,1080508,土地1建物0車位0,nan,nan,其他,nan,nan,nan,0.0,0,0,0,有,無,100462,2160.0,nan,0.0,0,向政府機關承購之案件。；,RPSNMLSJPHOFFDK07CA,0.0,0.0,0.0,nan,nan
114,後龍鎮,房地(土地+建物),苗栗縣後龍鎮埔頂里２０鄰中華路１０２０號,1658.0,nan,特定農業區,農牧用地,1080410,土地5建物1車位0,全,二層,透天厝,農舍,鋼筋混凝土造,860120.0,441.8,5,4,5,有,無,11300000,25577.0,nan,0.0,0,親友、員工或其他特殊關係間之交易。；,RPQOMLSKOHOFFDK96CA,441.8,0.0,0.0,nan,nan
115,竹南鎮,房地(土地+建物)+車位,苗栗縣竹南鎮龍山里８鄰龍山路二段２９５號,33.63,住,nan,nan,1080504,土地1建物1車位1,一層，二層，三層，騎樓,七層,華廈(10層含以下有電梯),住商用,鋼筋混凝土造,840826.0,173.32,4,2,2,有,有,5400000,31156.0,坡道平面,0.0,0,nan,RPPNMLTKOHOFFDK86CA,120.96,3.76,8.0,nan,nan
116,後龍鎮,土地,秀水段119-1地號,30.89,nan,鄉村區,乙種建築用地,1080522,土地1建物0車位0,nan,nan,其他,nan,nan,nan,0.0,0,0,0,有,無,368900,11942.0,nan,0.0,0,向政府機關承購之案件。；,RPSNMLTKOHOFFDK27DA,0.0,0.0,0.0,nan,nan
117,頭份市,房地(土地+建物),苗栗縣頭份市中興里８鄰大亨街１５６號,109.83,住,nan,nan,1080515,土地1建物1車位0,全,四層,透天厝,住家用,鋼筋混凝土造,840916.0,297.77,5,2,3,有,無,5000000,16791.0,nan,0.0,0,親友、員工或其他特殊關係間之交易。；,RPWNMLLKPHOFFFK07CA,267.13,7.66,22.98,nan,nan
118,竹南鎮,房地(土地+建物)+車位,苗栗縣竹南鎮山佳里５鄰龍山路三段１５０號１５樓之９,23.87,商,nan,nan,1080504,土地1建物1車位1,nan,nan,住宅大樓(11層含以上有電梯),nan,nan,nan,174.35,3,2,2,有,有,7300000,49559.0,坡道平面,47.23,1000000,nan,RPTNMLSLOHOFFDK27CA,77.85,0.0,13.98,nan,nan
119,苑裡鎮,土地,苑港段624地號,68.2,nan,特定農業區,甲種建築用地,1080531,土地1建物0車位0,nan,nan,其他,nan,nan,nan,0.0,0,0,0,有,無,557000,8167.0,nan,0.0,0,親友、員工或其他特殊關係間之交易。；含增建或未登記建物。；,RPWNMLLLOHOFFCK76CA,0.0,0.0,0.0,nan,nan
120,竹南鎮,房地(土地+建物)+車位,苗栗縣竹南鎮山佳里５鄰龍山路三段１３０號八樓,18.15,住,nan,nan,1080429,土地4建物1車位1,nan,nan,華廈(10層含以下有電梯),nan,nan,nan,150.42,3,2,2,有,有,5650000,37561.0,坡道平面,9.98,0,親友、員工或其他特殊關係間之交易。；本案為親友間關係之交易,RPVNMLTKOHOFFDK47CA,0.0,0.0,0.0,nan,nan
121,頭份市,土地,興隆段上埔小段77地號,168.0,住,nan,nan,1080520,土地1建物0車位0,nan,nan,其他,nan,nan,nan,0.0,0,0,0,有,無,4350000,25893.0,nan,0.0,0,瑕疵物件之交易。；,RPVNMLLJPHOFFFK86CA,0.0,0.0,0.0,nan,nan
122,三義鄉,土地,五穀段884-4地號,2.67,住,nan,nan,1080603,土地1建物0車位0,nan,nan,其他,nan,nan,nan,0.0,0,0,0,有,無,144000,53933.0,nan,0.0,0,畸零地或有合併使用之交易。；,RPPNMLLLOHOFFEK88CA,0.0,0.0,0.0,nan,nan
123,頭份市,土地,德義段237地號,137.39,其他,nan,nan,1080610,土地2建物0車位0,nan,nan,其他,nan,nan,nan,0.0,0,0,0,有,無,6649600,48399.0,nan,0.0,0,親友、員工或其他特殊關係間之交易。；,RPPNMLOLOHOFFFK66CA,0.0,0.0,0.0,nan,nan
124,苗栗市,房地(土地+建物),苗栗縣苗栗市水源里１鄰恭敬路２２３號,175.0,住,nan,nan,1080517,土地1建物1車位0,全,五層,透天厝,住商用,鋼筋混凝土造,1021206.0,411.31,4,2,4,有,無,18300000,44492.0,nan,0.0,0,受債權債務影響或債務抵償之交易。；,RPXNMLRLOHOFFBK37CA,397.34,0.0,13.97,nan,nan
125,苑裡鎮,土地,興隆段99地號,441.81,nan,山坡地保育區,農牧用地,1080502,土地1建物0車位0,nan,nan,其他,nan,nan,nan,0.0,0,0,0,有,無,375542,850.0,nan,0.0,0,親友、員工或其他特殊關係間之交易。；,RPPNMLQLOHOFFCK56CA,0.0,0.0,0.0,nan,nan
126,公館鄉,房地(土地+建物),苗栗縣公館鄉館東村15鄰信東街3巷7號,91.71,住,nan,nan,1080514,土地1建物1車位0,全,二層,透天厝,住家用,鋼筋混凝土造,680522.0,117.84,4,2,3,有,無,3000000,25458.0,nan,0.0,0,急買急賣。；急買急賣。,RPUNMLSLOHOFFBK17CA,112.51,0.0,5.33,nan,nan
127,公館鄉,土地,福南段268-1地號,208.0,nan,特定農業區,農牧用地,1080429,土地1建物0車位0,nan,nan,其他,nan,nan,nan,0.0,0,0,0,有,無,1260000,6058.0,nan,0.0,0,親友、員工或其他特殊關係間之交易。；,RPSNMLMJPHOFFBK88CA,0.0,0.0,0.0,nan,nan
128,苑裡鎮,土地,苑西段1198地號,6.98,住,nan,nan,1080523,土地1建物0車位0,nan,nan,其他,nan,nan,nan,0.0,0,0,0,有,無,136808,19600.0,nan,0.0,0,向政府機關承購之案件。；,RPPNMLOLOHOFFCK98CA,0.0,0.0,0.0,nan,nan
129,竹南鎮,土地,東崎頂段1276地號,294.93,nan,山坡地保育區,農牧用地,1080531,土地1建物0車位0,nan,nan,其他,nan,nan,nan,0.0,0,0,0,有,無,950000,3221.0,nan,0.0,0,親友、員工或其他特殊關係間之交易。；,RPPOMLLLOHOFFDK88CA,0.0,0.0,0.0,nan,nan
130,頭份市,房地(土地+建物),苗栗縣頭份市流東里１鄰流東２之１０號,2768.98,nan,山坡地保育區,農牧用地,1080223,土地2建物1車位0,一層，二層,二層,農舍,農舍,見其他登記事項,990105.0,343.24,5,2,3,有,無,20500000,nan,nan,0.0,0,nan,RPVNMLOLOHOFFFK27CA,343.24,0.0,0.0,nan,nan
131,西湖鄉,土地,新鴨南段485地號,31.85,nan,山坡地保育區,林業用地,1080611,土地1建物0車位0,nan,nan,其他,nan,nan,nan,0.0,0,0,0,有,無,446856,14030.0,nan,0.0,0,向政府機關承購之案件。；,RPPNMLKKPHOFFEK88DA,0.0,0.0,0.0,nan,nan
132,大湖鄉,土地,興榮段185-1地號,120.2,nan,山坡地保育區,丙種建築用地,1080515,土地1建物0車位0,nan,nan,其他,nan,nan,nan,0.0,0,0,0,有,無,200000,1664.0,nan,0.0,0,親友、員工或其他特殊關係間之交易。；,RPPNMLOLPHOFFAK98DA,0.0,0.0,0.0,nan,nan
133,泰安鄉,土地,南洗水段546-5地號,138.0,nan,山坡地保育區,丙種建築用地,1080530,土地1建物0車位0,nan,nan,其他,nan,nan,nan,0.0,0,0,0,有,無,248400,1800.0,nan,0.0,0,向政府機關承購之案件。；所有權人二人客1/2,RPQNMLPLOHOFFAK09DA,0.0,0.0,0.0,nan,nan
134,苗栗市,房地(土地+建物),苗栗縣苗栗市福麗里２５鄰至公路４４１巷３２號,151.0,住,nan,nan,1080416,土地2建物1車位0,全,nan,透天厝,住家用,加強磚造,800818.0,188.22,4,2,2,有,無,3806100,20222.0,nan,0.0,0,親友、員工或其他特殊關係間之交易。；,RPQNMLPLOHOFFBK09CA,153.08,22.04,13.1,nan,nan
135,獅潭鄉,土地,桂竹林段363-514地號,2252.0,nan,山坡地保育區,林業用地,1080505,土地2建物0車位0,nan,nan,其他,nan,nan,nan,0.0,0,0,0,有,無,1300000,577.0,nan,0.0,0,親友、員工或其他特殊關係間之交易。；,RPPNMLOKPHOFFAK88DA,0.0,0.0,0.0,nan,nan
136,獅潭鄉,土地,獅潭段十九份小段252地號,7790.0,nan,山坡地保育區,農牧用地,1080116,土地1建物0車位0,nan,nan,其他,nan,nan,nan,0.0,0,0,0,有,無,1250000,160.0,nan,0.0,0,親友、員工或其他特殊關係間之交易。；,RPRNMLNJPHOFFAK88DA,0.0,0.0,0.0,nan,nan
137,苗栗市,房地(土地+建物),苗栗縣苗栗市福安里14鄰安泰122之2號2樓,49.77,住,nan,nan,1080520,土地2建物1車位0,二層，三層,五層,公寓(5樓含以下無電梯),住家用,鋼筋混凝土造,831230.0,148.72,3,2,2,有,無,4200000,28241.0,nan,0.0,0,nan,RPPNMLPJPHOFFBK98DA,94.87,5.25,6.25,nan,nan
138,大湖鄉,土地,大湖段1316地號,2360.0,nan,山坡地保育區,林業用地,1080502,土地1建物0車位0,nan,nan,其他,nan,nan,nan,0.0,0,0,0,有,無,200000,85.0,nan,0.0,0,親友、員工或其他特殊關係間之交易。；,RPQNMLRLOHOFFAK66DA,0.0,0.0,0.0,nan,nan
139,頭份市,土地,後湖段1307地號,157.34,住,nan,nan,1080613,土地1建物0車位0,nan,nan,其他,nan,nan,nan,0.0,0,0,0,有,無,7500000,47667.0,nan,0.0,0,親友、員工或其他特殊關係間之交易。；,RPQNMLNLQHOFFFK86CA,0.0,0.0,0.0,nan,nan
140,頭份市,房地(土地+建物)+車位,苗栗縣頭份市成功里８鄰建國路二段１之１號,24.77,住,nan,nan,1080312,土地1建物1車位1,一層，見其他登記事項,十三層,住宅大樓(11層含以上有電梯),見其他登記事項,鋼筋混凝土造,1070913.0,127.62,0,0,0,無,無,19100000,149663.0,坡道平面,0.0,1000000,nan,RPQNMLSLOHOFFFK17CA,78.11,0.0,0.0,nan,nan
141,頭份市,房地(土地+建物)+車位,苗栗縣頭份市成功里８鄰建國路二段１號,33.68,住,nan,nan,1080312,土地1建物1車位1,一層，二層，見其他登記事項,十三層,住宅大樓(11層含以上有電梯),見其他登記事項,鋼筋混凝土造,1070913.0,164.84,0,0,2,無,無,21100000,128003.0,坡道平面,0.0,1100000,nan,SPQNMLSLOHOFFFK27CA,106.05,0.0,0.0,nan,nan
142,銅鑼鄉,房地(土地+建物),苗栗縣銅鑼鄉雙峰路文園巷２３號,202.4,nan,山坡地保育區,丙種建築用地,1080605,土地1建物1車位0,全,二層,透天厝,住家用,鋼筋混凝土造,740701.0,116.32,3,2,2,有,無,1250000,10746.0,nan,0.0,0,親友、員工或其他特殊關係間之交易。；,RPRNMLSLOHOFFEK17CA,110.16,3.08,3.08,nan,nan
143,竹南鎮,土地,復興段36地號,222.3,nan,鄉村區,乙種建築用地,1080305,土地1建物0車位0,nan,nan,其他,nan,nan,nan,0.0,0,0,0,有,無,6000000,26991.0,nan,0.0,0,親友、員工或其他特殊關係間之交易。；,RPQNMLOLPHOFFDK66CA,0.0,0.0,0.0,nan,nan
144,通霄鎮,房地(土地+建物),苗栗縣通霄鎮五北里１５鄰１４１號,687.0,nan,山坡地保育區,農牧用地,1080426,土地1建物1車位0,全,二層,透天厝,農舍,加強磚造,790108.0,196.54,6,3,2,有,無,3500000,17808.0,nan,0.0,0,親友、員工或其他特殊關係間之交易。；,RPQNMLNJPHOFFCK88CA,196.54,0.0,0.0,nan,nan
145,苑裡鎮,土地,福田段687-6地號,2.54,住,nan,nan,1080614,土地1建物0車位0,nan,nan,其他,nan,nan,nan,0.0,0,0,0,有,無,100000,39370.0,nan,0.0,0,畸零地或有合併使用之交易。；買方負擔增值稅1354元,RPQNMLKKPHOFFCK68CA,0.0,0.0,0.0,nan,nan
146,獅潭鄉,房地(土地+建物),苗栗縣獅潭鄉竹木村２０鄰東坑３１之８號,841.0,nan,山坡地保育區,農牧用地,1080201,土地1建物1車位0,一層，二層，三層,三層,農舍,農舍,見其他登記事項,940802.0,188.72,0,0,0,無,無,4450000,nan,nan,0.0,0,nan,RPPNMLRLOHOFFAK09CA,188.72,0.0,0.0,nan,nan
147,苗栗市,房地(土地+建物),苗栗縣苗栗市福麗里３７鄰民族路１４２號,166.08,住,nan,nan,1060929,土地1建物1車位0,一層，二層，三層，四層，屋頂突出物,四層,店面(店鋪),住商用,鋼筋混凝土造,1080422.0,420.34,0,0,0,無,無,35000000,83266.0,nan,0.0,0,nan,RPUOMLQKPHOFFBK07CA,403.62,0.0,16.72,nan,nan
148,苗栗市,房地(土地+建物),苗栗縣苗栗市福麗里３７鄰民族路１４０號,202.26,住,nan,nan,1061011,土地1建物1車位0,一層，二層，三層，四層，屋頂突出物,四層,店面(店鋪),住商用,鋼筋混凝土造,1080422.0,532.24,8,0,10,有,無,43000000,80791.0,nan,0.0,0,nan,RPVOMLQKPHOFFBK17CA,500.76,0.0,31.48,nan,nan
149,苗栗市,房地(土地+建物),苗栗縣苗栗市福麗里３７鄰民族路１３８號,114.34,住,nan,nan,1061011,土地1建物1車位0,一層，二層，三層，四層，屋頂突出物,四層,店面(店鋪),住家用,鋼筋混凝土造,1080422.0,307.43,6,0,7,有,無,25000000,81319.0,nan,0.0,0,nan,RPWOMLQKPHOFFBK27CA,289.88,0.0,17.55,nan,nan
150,苗栗市,房地(土地+建物),苗栗縣苗栗市福麗里３７鄰民族路１３６號,109.4,住,nan,nan,1060918,土地1建物1車位0,一層，二層，三層，四層，屋頂突出物,四層,店面(店鋪),住家用,鋼筋混凝土造,1080422.0,280.8,8,0,9,有,無,24900000,88675.0,nan,0.0,0,nan,RPXOMLQKPHOFFBK37CA,262.97,0.0,17.83,nan,nan
151,造橋鄉,土地,西坑段1141地號,7535.72,nan,山坡地保育區,農牧用地,1080510,土地7建物0車位0,nan,nan,其他,nan,nan,nan,0.0,0,0,0,有,無,2600000,345.0,nan,0.0,0,親友、員工或其他特殊關係間之交易。；,RPQNMLSLOHOFFDK96CA,0.0,0.0,0.0,nan,nan
152,頭份市,房地(土地+建物),苗栗縣頭份市和平里１４鄰銀河一街１３號,95.48,住,nan,nan,1080518,土地1建物1車位0,全,三層,透天厝,住商用,鋼筋混凝土造,711028.0,197.72,5,3,2,有,無,2500000,12644.0,nan,0.0,0,親友、員工或其他特殊關係間之交易。；,RPOOMLLJPHOFFFK88CA,197.72,0.0,0.0,nan,nan
153,三灣鄉,土地,大河底段409-95地號,70.0,nan,山坡地保育區,丙種建築用地,1080520,土地1建物0車位0,nan,nan,其他,nan,nan,nan,0.0,0,0,0,有,無,206000,2943.0,nan,0.0,0,瑕疵物件之交易。；,RPPOMLLJPHOFFFK98CA,0.0,0.0,0.0,nan,nan
154,獅潭鄉,土地,桂竹林段363-419地號,230.0,nan,山坡地保育區,丙種建築用地,1080620,土地1建物0車位0,nan,nan,其他,nan,nan,nan,0.0,0,0,0,有,無,151000,657.0,nan,0.0,0,向政府機關承購之案件。；,RPPNMLNJPHOFFAK68DA,0.0,0.0,0.0,nan,nan
155,苗栗市,土地,南勢坑段下南勢坑小段65-1地號,802.0,nan,山坡地保育區,農牧用地,1080501,土地1建物0車位0,nan,nan,其他,nan,nan,nan,0.0,0,0,0,有,無,2261700,2820.0,nan,0.0,0,親友、員工或其他特殊關係間之交易。；含增建或未登記建物。；,RPPNMLNJPHOFFBK78DA,0.0,0.0,0.0,nan,nan
156,西湖鄉,土地,二湖段340-1地號,1000.0,nan,特定農業區,農牧用地,1080603,土地1建物0車位0,nan,nan,其他,nan,nan,nan,0.0,0,0,0,有,無,1000000,1000.0,nan,0.0,0,親友、員工或其他特殊關係間之交易。；,RPPNMLOJPHOFFEK56DA,0.0,0.0,0.0,nan,nan
157,後龍鎮,土地,龍椅段128-1地號,13.38,住,nan,nan,1080321,土地1建物0車位0,nan,nan,其他,nan,nan,nan,0.0,0,0,0,有,無,417188,31180.0,nan,0.0,0,向政府機關承購之案件。；,RPPNMLTKPHOFFDK07DA,0.0,0.0,0.0,nan,nan
158,造橋鄉,土地,龍昇段649-5地號,11.28,nan,鄉村區,乙種建築用地,1080528,土地1建物0車位0,nan,nan,其他,nan,nan,nan,0.0,0,0,0,有,無,541,48.0,nan,0.0,0,向政府機關承購之案件。；,RPROMLRJQHOFFDK17DA,0.0,0.0,0.0,nan,nan
159,公館鄉,房地(土地+建物),苗栗縣公館鄉鶴岡村10鄰鶴岡277之11號,1293.0,農,nan,nan,1080605,土地2建物1車位0,一層，二層,二層,農舍,農舍,鋼筋混凝土造,1001004.0,165.35,5,4,3,有,無,18000000,nan,nan,0.0,0,nan,RPRNMLKKPHOFFBK78DA,150.62,14.73,0.0,nan,nan
160,造橋鄉,土地,淡文湖段1510地號,1711.67,nan,特定農業區,農牧用地,1080604,土地2建物0車位0,nan,nan,其他,nan,nan,nan,0.0,0,0,0,有,無,2570000,1501.0,nan,0.0,0,親友、員工或其他特殊關係間之交易。；,RPRNMLOJPHOFFDK56CA,0.0,0.0,0.0,nan,nan
161,通霄鎮,土地,通西段175地號,37.27,商,nan,nan,1080503,土地6建物0車位0,nan,nan,其他,nan,nan,nan,0.0,0,0,0,有,無,2100000,56346.0,nan,0.0,0,土地：義務人為4人，未辦保存登記房屋一棟，親友、員工或其他特殊關係間之交易。,RPSNMLOJPHOFFCK56CA,0.0,0.0,0.0,nan,nan
162,苑裡鎮,土地,致民段689地號,28.58,nan,特定農業區,甲種建築用地,1080605,土地4建物0車位0,nan,nan,其他,nan,nan,nan,0.0,0,0,0,有,無,100000,3499.0,nan,0.0,0,親友、員工或其他特殊關係間之交易。；,RPRNMLLJPHOFFCK78CA,0.0,0.0,0.0,nan,nan
163,大湖鄉,土地,百壽段258地號,7623.59,nan,山坡地保育區,農牧用地,1050323,土地1建物0車位0,nan,nan,其他,nan,nan,nan,0.0,0,0,0,有,無,4500000,590.0,nan,0.0,0,親友、員工或其他特殊關係間之交易。；含增建或未登記建物。；1.兄弟間買賣。2.含未登記建物及基地權利範圍1/3。3.含兩座基地台出租權讓渡。4.民國105年即買賣。,RPQNMLSKPHOFFAK66CA,0.0,0.0,0.0,nan,nan
164,苗栗市,土地,勝利段1900-1地號,72.0,其他,nan,nan,1080311,土地1建物0車位0,nan,nan,其他,nan,nan,nan,0.0,0,0,0,有,無,900000,12500.0,nan,0.0,0,親友、員工或其他特殊關係間之交易。；含增建或未登記建物。；,RPPNMLSKPHOFFBK66CA,0.0,0.0,0.0,nan,nan
165,後龍鎮,土地,龍西段34-24地號,15.0,住,nan,nan,1080621,土地1建物0車位0,nan,nan,其他,nan,nan,nan,0.0,0,0,0,有,無,375000,25000.0,nan,0.0,0,向政府機關承購之案件。；,RPXNMLMJPHOFFDK96CA,0.0,0.0,0.0,nan,nan
166,頭份市,房地(土地+建物),苗栗縣頭份市新華里１６鄰中正一路８２巷１９號,115.39,住,nan,nan,1080409,土地2建物1車位0,全,三層,透天厝,住家用,加強磚造,630806.0,95.85,3,2,2,有,無,2254907,23525.0,nan,0.0,0,親友、員工或其他特殊關係間之交易。；,RPPNMLMLPHOFFFK56CA,85.76,10.09,0.0,nan,nan
167,苗栗市,土地,福麗段47地號,252.0,nan,山坡地保育區,丙種建築用地,1080620,土地1建物0車位0,nan,nan,其他,nan,nan,nan,0.0,0,0,0,有,無,2268000,9000.0,nan,0.0,0,親友、員工或其他特殊關係間之交易。；,RPOOMLNJPHOFFBK78DA,0.0,0.0,0.0,nan,nan
168,竹南鎮,土地,竹南段一小段1083地號,146.0,其他,nan,nan,1080617,土地1建物0車位0,nan,nan,其他,nan,nan,nan,0.0,0,0,0,有,無,1600000,10959.0,nan,0.0,0,包含公共設施保留地之交易。；,RPPNMLQLPHOFFDK76CA,0.0,0.0,0.0,nan,nan
169,竹南鎮,房地(土地+建物)+車位,苗栗縣竹南鎮山佳里５鄰龍山路三段１５０號１２樓之１０,23.51,商,nan,nan,1080509,土地1建物1車位1,nan,nan,住宅大樓(11層含以上有電梯),nan,nan,nan,176.4,3,2,2,有,有,7500000,51095.0,坡道平面,47.23,900000,nan,RPPNMLRKPHOFFDK76CA,76.59,0.0,11.24,nan,nan
170,苑裡鎮,土地,田寮段267-1地號,29.6,nan,特定農業區,農牧用地,1080326,土地1建物0車位0,nan,nan,其他,nan,nan,nan,0.0,0,0,0,有,有,72000,2432.0,nan,0.0,0,親友、員工或其他特殊關係間之交易。；,RPTNMLTJPHOFFCK17CA,0.0,0.0,0.0,nan,nan
171,苑裡鎮,土地,田寮段267地號,295.2,nan,特定農業區,農牧用地,1080326,土地1建物0車位0,nan,nan,其他,nan,nan,nan,0.0,0,0,0,有,無,714400,2420.0,nan,0.0,0,親友、員工或其他特殊關係間之交易。；,RPUNMLTJPHOFFCK27CA,0.0,0.0,0.0,nan,nan
172,苗栗市,房地(土地+建物),苗栗縣苗栗市福麗里３６鄰民族路１２１號五樓,28.8,住,nan,nan,1080612,土地1建物1車位0,五層，電梯樓梯間,nan,華廈(10層含以下有電梯),住家用,鋼筋混凝土造,701229.0,98.79,3,2,2,有,無,2750000,27837.0,nan,0.0,0,nan,RPRNMLPJPHOFFBK09CA,93.66,0.0,0.0,nan,nan
173,苗栗市,房地(土地+建物),苗栗縣苗栗市高苗里三山路２８號,40.5,nan,山坡地保育區,丙種建築用地,1080611,土地1建物1車位0,全,nan,透天厝,住家用,加強磚造,720530.0,61.61,0,0,0,無,無,1100000,17854.0,nan,0.0,0,親友、員工或其他特殊關係間之交易。；,RPQNMLPLPHOFFBK56CA,58.61,0.0,3.0,nan,nan
174,頭屋鄉,土地,頭屋段1029-19地號,377.0,nan,山坡地保育區,林業用地,1080410,土地1建物0車位0,nan,nan,其他,nan,nan,nan,0.0,0,0,0,有,無,1370000,3634.0,nan,0.0,0,親友、員工或其他特殊關係間之交易。；,RPUNMLPLPHOFFBK96CA,0.0,0.0,0.0,nan,nan
175,苗栗市,房地(土地+建物),苗栗縣苗栗市福麗里３６鄰民族路１５７號,231.92,住,nan,nan,1080515,土地1建物5車位0,一層，停車場,五層,店面(店鋪),住家用,鋼筋混凝土造,1071206.0,607.66,0,0,0,無,無,52000000,85574.0,nan,0.0,0,含增建或未登記建物。；,RPVNMLPLPHOFFBK07CA,459.08,0.0,19.92,nan,nan
176,苑裡鎮,房地(土地+建物),苗栗縣苑裡鎮西勢里２鄰西勢２之２０號,52.74,住,nan,nan,1080411,土地1建物1車位0,全,三層,透天厝,見其他登記事項,鋼筋混凝土造,950406.0,87.57,4,2,3,有,無,2000000,22839.0,nan,0.0,0,親友、員工或其他特殊關係間之交易。；,RPPNMLSLPHOFFCK86CA,81.94,0.0,5.63,nan,nan
177,頭份市,土地,東庄段1720地號,217.16,住,nan,nan,1080513,土地3建物0車位0,nan,nan,其他,nan,nan,nan,0.0,0,0,0,有,無,6000000,27629.0,nan,0.0,0,親友、員工或其他特殊關係間之交易。；,RPTNMLTJPHOFFFK57DA,0.0,0.0,0.0,nan,nan
178,銅鑼鄉,土地,九湖北段62地號,1570.9,nan,特定農業區,農牧用地,1080603,土地2建物0車位0,nan,nan,其他,nan,nan,nan,0.0,0,0,0,有,無,3000000,1910.0,nan,0.0,0,親友、員工或其他特殊關係間之交易。；,RPPNMLRLPHOFFEK07DA,0.0,0.0,0.0,nan,nan
179,公館鄉,土地,福基段984-4地號,18.0,nan,特定農業區,水利用地,1080529,土地1建物0車位0,nan,nan,其他,nan,nan,nan,0.0,0,0,0,有,無,135180,7510.0,nan,0.0,0,向政府機關承購之案件。；,RPSNMLLKPHOFFBK98DA,0.0,0.0,0.0,nan,nan
180,頭份市,房地(土地+建物)+車位,苗栗縣頭份市山下里１３鄰翠亨路１４３巷 ６弄１之１號,40.04,住,nan,nan,1080616,土地4建物1車位1,四層，五層，電梯樓梯間,五層,華廈(10層含以下有電梯),見其他登記事項,見其他登記事項,960330.0,134.82,3,2,2,有,無,5500000,40795.0,一樓平面,0.0,0,nan,RPQNMLNJPHOFFFK56CA,94.02,1.27,11.07,nan,nan
181,頭份市,房地(土地+建物),苗栗縣頭份市蟠桃里１４鄰信三街１２巷１６號九樓,17.13,住,nan,nan,1080605,土地2建物1車位0,九層,九層,華廈(10層含以下有電梯),住家用,鋼筋混凝土造,860129.0,124.25,3,2,2,有,無,4200000,33803.0,nan,0.0,0,親友、員工或其他特殊關係間之交易。；,RPPNMLKLPHOFFFK98CA,89.19,0.0,11.34,nan,nan
182,西湖鄉,土地,四湖段475-4地號,1895.8,nan,山坡地保育區,農牧用地,1080621,土地21建物0車位0,nan,nan,其他,nan,nan,nan,0.0,0,0,0,有,無,1321641,697.0,nan,0.0,0,親友、員工或其他特殊關係間之交易。；叔侄間買賣.此土地無通路可至建地或農地上.購買價格含土地增值稅321641元整.,RPPNMLQJPHOFFEK66CA,0.0,0.0,0.0,nan,nan
183,卓蘭鎮,土地,中角段1314地號,128.95,其他,nan,nan,1080617,土地1建物0車位0,nan,nan,其他,nan,nan,nan,0.0,0,0,0,有,無,198100,1536.0,nan,0.0,0,向政府機關承購之案件。；,RPRNMLLKPHOFFAK88EA,0.0,0.0,0.0,nan,nan
184,苗栗市,房地(土地+建物),苗栗縣苗栗市青苗里12鄰中正路593號,62.0,商,nan,nan,1080528,土地3建物1車位0,一層，二層，三層，見其他登記事項,三層,店面(店鋪),住商用,加強磚造,nan,157.68,2,2,2,有,無,6800000,43125.0,nan,0.0,0,土地及建物分次登記案件。前案土地登記收件字號：；,RPSNMLTJPHOFFBK96CA,157.68,0.0,0.0,nan,nan
185,公館鄉,土地,福南段377地號,1421.0,nan,特定農業區,農牧用地,1080530,土地1建物0車位0,nan,nan,其他,nan,nan,nan,0.0,0,0,0,有,無,6000000,4222.0,nan,0.0,0,親友、員工或其他特殊關係間之交易。；,RPRNMLSJPHOFFBK76CA,0.0,0.0,0.0,nan,nan
186,頭份市,房地(土地+建物),苗栗縣頭份市頭份市頭份里22鄰武昌街53號,22.34,住,nan,nan,1080529,土地1建物1車位0,一層，二層，騎樓，夾層,十一層,住宅大樓(11層含以上有電梯),住商用,鋼筋混凝土造,840104.0,145.64,3,2,3,有,有,6000000,41197.0,nan,0.0,0,nan,RPTNMLSJPHOFFFK37CA,114.76,4.14,8.27,nan,nan
187,泰安鄉,土地,士林段462地號,350.0,nan,山坡地保育區,農牧用地,1080604,土地1建物0車位0,nan,nan,其他,nan,nan,nan,0.0,0,0,0,有,無,86168,246.0,nan,0.0,0,向政府機關承購之案件。；,RPSNMLLKPHOFFAK88DA,0.0,0.0,0.0,nan,nan
188,銅鑼鄉,土地,褔興段933地號,3563.01,其他,nan,nan,1080618,土地1建物0車位0,nan,nan,其他,nan,nan,nan,0.0,0,0,0,有,無,5764658,1618.0,nan,0.0,0,瑕疵物件之交易。；土地崩落,RPQNMLTJPHOFFEK07CA,0.0,0.0,0.0,nan,nan
189,竹南鎮,房地(土地+建物),苗栗縣竹南鎮正南里２８鄰福德路１７７號,83.0,住,nan,nan,1080622,土地1建物1車位0,一層，二層，三層，四層，騎樓，見其他登記事項,四層,店面(店鋪),見其他登記事項,鋼筋混凝土造,1050811.0,271.08,4,2,4,有,無,15000000,55334.0,nan,0.0,0,nan,RPSNMLRKPHOFFDK07CA,254.52,0.0,16.56,nan,nan
190,後龍鎮,房地(土地+建物),苗栗縣後龍鎮大庄里１３鄰柳樹灣１５３號,421.0,nan,特定農業區,農牧用地,1080618,土地1建物1車位0,一層，二層，三層，見其他登記事項,三層,農舍,農舍,鋼筋混凝土造,1050304.0,137.16,2,1,1,有,無,8000000,nan,nan,0.0,0,土地增值稅由買方負擔，申請農業使用證明向稅務局申請不課徵。,RPPNMLQKPHOFFDK66CA,137.16,0.0,0.0,nan,nan
191,竹南鎮,土地,仁德段14-22地號,9.46,住,nan,nan,1080531,土地1建物0車位0,nan,nan,其他,nan,nan,nan,0.0,0,0,0,有,無,274340,29000.0,nan,0.0,0,向政府機關承購之案件。；,RPSNMLTJPHOFFDK17CA,0.0,0.0,0.0,nan,nan
192,公館鄉,房地(土地+建物),苗栗縣公館鄉中義村８鄰中義１８６之５號,191.11,nan,特定農業區,甲種建築用地,1080330,土地4建物1車位0,全,四層,透天厝,住家用,鋼筋混凝土造,1071022.0,256.41,5,2,6,有,無,12500000,48750.0,nan,0.0,0,親友、員工或其他特殊關係間之交易。；內含電梯,RPVNMLRJQHOFFBK17CA,248.91,0.0,7.5,nan,nan
193,公館鄉,房地(土地+建物),苗栗縣公館鄉中義村８鄰中義１８６之３號,1166.18,nan,特定農業區,農牧用地,1080330,土地4建物1車位0,全,四層,透天厝,住家用,鋼筋混凝土造,1071022.0,256.41,5,2,6,有,無,12000000,46800.0,nan,0.0,0,親友、員工或其他特殊關係間之交易。；內含電梯,RPXNMLRJQHOFFBK37CA,248.91,0.0,7.5,nan,nan
194,竹南鎮,房地(土地+建物),苗栗縣竹南鎮大埔里大埔五街333巷5號,87.23,住,nan,nan,1080613,土地3建物1車位0,全,四層,透天厝,見其他登記事項,鋼筋混凝土造,1041204.0,204.05,5,2,4,有,無,11500000,56359.0,nan,0.0,0,土地及建物分次登記案件。前案土地登記收件字號：；,RPPNMLLKPHOFFDK78CA,187.96,0.0,15.66,nan,nan
195,頭份市,土地,東興段1098-5地號,18334.0,nan,山坡地保育區,林業用地,1080621,土地6建物0車位0,nan,nan,其他,nan,nan,nan,0.0,0,0,0,有,無,2890000,158.0,nan,0.0,0,受債權債務影響或債務抵償之交易。；,RPUNMLKKPHOFFFK76CA,0.0,0.0,0.0,nan,nan
196,頭份市,土地,廣興段260地號,175.98,nan,鄉村區,乙種建築用地,1080425,土地3建物0車位0,nan,nan,其他,nan,nan,nan,0.0,0,0,0,有,無,4000000,22730.0,nan,0.0,0,親友、員工或其他特殊關係間之交易。；,RPQNMLKLPHOFFFK09CA,0.0,0.0,0.0,nan,nan
197,後龍鎮,土地,龍西段34-26地號,14.0,住,nan,nan,1080529,土地1建物0車位0,nan,nan,其他,nan,nan,nan,0.0,0,0,0,有,無,350000,25000.0,nan,0.0,0,向政府機關承購之案件。；,RPQNMLPJQHOFFDK76DA,0.0,0.0,0.0,nan,nan
198,竹南鎮,土地,溪南段459地號,154.01,nan,特定農業區,農牧用地,1080625,土地1建物0車位0,nan,nan,其他,nan,nan,nan,0.0,0,0,0,有,無,400000,2597.0,nan,0.0,0,親友、員工或其他特殊關係間之交易。；,RPTOMLLKPHOFFDK66CA,0.0,0.0,0.0,nan,nan
199,苗栗市,土地,文發段1703地號,97.96,住,nan,nan,1080627,土地1建物0車位0,nan,nan,其他,nan,nan,nan,0.0,0,0,0,有,無,2370632,24200.0,nan,0.0,0,親友、員工或其他特殊關係間之交易。；,RPPNMLLKPHOFFBK58CA,0.0,0.0,0.0,nan,nan
200,苗栗市,房地(土地+建物)+車位,苗栗縣苗栗市維祥里１鄰維祥街３３號二樓,53.25,nan,鄉村區,乙種建築用地,1080531,土地1建物1車位1,二層，三層,五層,華廈(10層含以下有電梯),住家用,鋼筋混凝土造,880323.0,154.2,2,2,2,有,無,3880000,25162.0,一樓平面,0.0,0,nan,RPRNMLSKPHOFFBK86CA,99.76,0.0,20.38,nan,nan
201,公館鄉,房地(土地+建物),苗栗縣公館鄉中義村８鄰中義１８６之２號,163.59,nan,特定農業區,甲種建築用地,1080330,土地4建物1車位0,全,四層,透天厝,住家用,鋼筋混凝土造,1071022.0,235.5,5,2,6,有,無,11880000,50446.0,nan,0.0,0,親友、員工或其他特殊關係間之交易。；內含電梯,RPPOMLRJQHOFFBK66CA,235.5,0.0,0.0,nan,nan
202,公館鄉,房地(土地+建物),苗栗縣公館鄉中義村８鄰中義１８６之１０號,180.24,nan,特定農業區,甲種建築用地,1080330,土地4建物1車位0,全,四層,透天厝,住家用,鋼筋混凝土造,1071022.0,254.86,5,2,6,有,無,12200000,47869.0,nan,0.0,0,親友、員工或其他特殊關係間之交易。；內含電梯,RPTOMLRJQHOFFBK07CA,247.75,0.0,7.11,nan,nan
203,苑裡鎮,房地(土地+建物),苗栗縣苑裡鎮中正里４鄰中正１５之５號,103.6,住,nan,nan,1080623,土地2建物1車位0,全,四層,透天厝,見其他登記事項,鋼筋混凝土造,1070704.0,176.89,5,1,3,有,有,6680000,37764.0,nan,0.0,0,親友、員工或其他特殊關係間之交易。；二親等間買賣,RPVNMLPKPHOFFCK07CA,164.45,0.0,12.44,nan,nan
204,頭份市,土地,文正段394-11地號,2601.2,nan,山坡地保育區,農牧用地,1080202,土地2建物0車位0,nan,nan,其他,nan,nan,nan,0.0,0,0,0,有,無,5500000,2114.0,nan,0.0,0,土地及建物分次登記案件。前案土地登記收件字號：；,RPXNMLLKPHOFFFK17CA,0.0,0.0,0.0,nan,nan
205,頭份市,房地(土地+建物),苗栗縣頭份市田寮里１６鄰北田街４９巷１６號,149.3,住,nan,nan,1080514,土地3建物1車位0,全,三層,透天厝,見其他登記事項,見其他登記事項,961102.0,186.85,4,2,4,有,無,5000000,26759.0,nan,0.0,0,親友、員工或其他特殊關係間之交易。；,RPPNMLPKPHOFFFK76CA,162.09,19.75,5.01,nan,nan
206,頭份市,房地(土地+建物),苗栗縣頭份市建國里６鄰大同路８３之１號,156.0,住,nan,nan,1080624,土地1建物1車位0,全,二層,透天厝,住家用,加強磚造,760421.0,158.92,4,3,2,有,無,5392100,33930.0,nan,0.0,0,親友、員工或其他特殊關係間之交易。；二親等買賣,RPRNMLPLPHOFFFK07CA,153.1,0.0,5.82,nan,nan
207,苗栗市,房地(土地+建物),苗栗縣苗栗市福星里21鄰中華路306巷9號,143.28,住,nan,nan,1080415,土地2建物1車位0,全,nan,透天厝,住家用,鋼筋混凝土造,810522.0,187.19,4,2,2,有,無,4500000,24040.0,nan,0.0,0,親友、員工或其他特殊關係間之交易。；權利人二人,RPPNMLMLPHOFFBK88DA,171.12,4.77,11.3,nan,nan
208,苗栗市,房地(土地+建物),苗栗縣苗栗市勝利里６鄰中正路１００５號,63.0,商,nan,nan,1080516,土地1建物1車位0,一層，二層，三層，屋頂突出物，騎樓,三層,店面(店鋪),住商用,見其他登記事項,960410.0,192.97,5,2,5,有,無,9000000,46639.0,nan,0.0,0,nan,RPPOMLPLPHOFFBK56CA,171.35,0.0,21.62,nan,nan
209,苗栗市,房地(土地+建物),苗栗縣苗栗市福麗里３２鄰福慶２９號,59.0,nan,鄉村區,乙種建築用地,1080528,土地1建物1車位0,全,二層,透天厝,住家用,加強磚造,nan,90.96,4,1,2,有,無,1000000,10994.0,nan,0.0,0,親友、員工或其他特殊關係間之交易。；,RPQNMLNLPHOFFBK98CA,90.96,0.0,0.0,nan,nan
210,公館鄉,房地(土地+建物),苗栗縣公館鄉中義村８鄰中義１８６之１２號,255.37,nan,特定農業區,甲種建築用地,1080330,土地4建物1車位0,全,四層,透天厝,住家用,鋼筋混凝土造,1071022.0,256.41,5,2,6,有,無,11130000,43407.0,nan,0.0,0,親友、員工或其他特殊關係間之交易。；內含電梯,RPXOMLRJQHOFFBK47CA,248.91,0.0,7.5,nan,nan
211,苑裡鎮,房地(土地+建物),苗栗縣苑裡鎮舊社里４鄰舊社４７號,102.55,nan,鄉村區,乙種建築用地,1080605,土地2建物1車位0,全,三層,透天厝,住家用,加強磚造,nan,195.2,5,1,2,有,無,500000,2561.0,nan,0.0,0,親友、員工或其他特殊關係間之交易。；,RPVNMLMLPHOFFCK86CA,195.2,0.0,0.0,nan,nan
212,竹南鎮,房地(土地+建物),苗栗縣竹南鎮大埔里３鄰仁愛路６７４號,108.79,住,nan,nan,1080604,土地1建物1車位0,一層，二層，三層，騎樓,三層,店面(店鋪),住家用,加強磚造,690108.0,298.29,6,2,5,有,無,8000000,26820.0,nan,0.0,0,nan,RPRNMLQKPHOFFDK86CA,298.29,0.0,0.0,nan,nan
213,苗栗市,房地(土地+建物),苗栗縣苗栗市上苗里10鄰中正路108巷5號,76.0,其他,nan,nan,1080624,土地1建物1車位0,一層，騎樓,一層,其他,住家用,見其他登記事項,360907.0,69.95,3,2,1,有,無,2300000,32881.0,nan,0.0,0,親友、員工或其他特殊關係間之交易。；,RPROMLPLPHOFFBK86DA,69.95,0.0,0.0,nan,nan
214,銅鑼鄉,土地,老雞隆段1013-170地號,2460.0,nan,山坡地保育區,林業用地,1080708,土地2建物0車位0,nan,nan,其他,nan,nan,nan,0.0,0,0,0,有,無,600000,244.0,nan,0.0,0,瑕疵物件之交易。；,RPSNMLTKPHOFFEK37CA,0.0,0.0,0.0,nan,nan
215,公館鄉,土地,南河段577-1地號,2440.0,nan,山坡地保育區,農牧用地,1080704,土地2建物0車位0,nan,nan,其他,nan,nan,nan,0.0,0,0,0,有,無,2000000,820.0,nan,0.0,0,親友、員工或其他特殊關係間之交易。；,RPRNMLTKPHOFFBK07DA,0.0,0.0,0.0,nan,nan
216,苗栗市,土地,南勢坑段下南勢坑小段870-25地號,427.65,nan,山坡地保育區,農牧用地,1080627,土地1建物0車位0,nan,nan,其他,nan,nan,nan,0.0,0,0,0,有,無,312186,730.0,nan,0.0,0,親友、員工或其他特殊關係間之交易。；,RPSNMLSKPHOFFBK07DA,0.0,0.0,0.0,nan,nan
217,南庄鄉,土地,南埔段1285地號,318.39,nan,nan,nan,1080703,土地5建物0車位0,nan,nan,其他,nan,nan,nan,0.0,0,0,0,有,無,3850000,12092.0,nan,0.0,0,親友、員工或其他特殊關係間之交易。；,RPPNMLQKPHOFFFK86CA,0.0,0.0,0.0,nan,nan
218,西湖鄉,土地,新五湖段1066地號,68.0,nan,山坡地保育區,農牧用地,1080624,土地1建物0車位0,nan,nan,其他,nan,nan,nan,0.0,0,0,0,有,無,359720,5290.0,nan,0.0,0,向政府機關承購之案件。；,RPRNMLTKPHOFFEK37DA,0.0,0.0,0.0,nan,nan
219,竹南鎮,土地,仁德段991地號,251.67,其他,nan,nan,1080629,土地1建物0車位0,nan,nan,其他,nan,nan,nan,0.0,0,0,0,有,無,700000,2781.0,nan,0.0,0,包含公共設施保留地之交易。；,RPTOMLNLPHOFFDK96CA,0.0,0.0,0.0,nan,nan
220,公館鄉,房地(土地+建物),苗栗縣公館鄉中義村８鄰中義１８６之１６號,248.11,nan,特定農業區,甲種建築用地,1080330,土地4建物1車位0,全,四層,透天厝,住家用,鋼筋混凝土造,1071022.0,314.86,6,2,7,有,無,12500000,39700.0,nan,0.0,0,親友、員工或其他特殊關係間之交易。；內含電梯,RPVOMLRJQHOFFBK27CA,302.91,0.0,11.95,nan,nan
221,公館鄉,土地,新岡段167地號,156.5,工,nan,nan,1080709,土地2建物0車位0,nan,nan,其他,nan,nan,nan,0.0,0,0,0,有,無,2200000,14058.0,nan,0.0,0,親友、員工或其他特殊關係間之交易。；,RPRNMLOLPHOFFBK56CA,0.0,0.0,0.0,nan,nan
222,頭屋鄉,土地,二岡坪段二岡坪小段464地號,100.07,nan,山坡地保育區,水利用地,1080702,土地1建物0車位0,nan,nan,其他,nan,nan,nan,0.0,0,0,0,有,無,90000,899.0,nan,0.0,0,親友、員工或其他特殊關係間之交易。；,RPPNMLTKPHOFFBK76CA,0.0,0.0,0.0,nan,nan
223,後龍鎮,土地,崎頂段366地號,1620.38,nan,一般農業區,農牧用地,1080518,土地1建物0車位0,nan,nan,其他,nan,nan,nan,0.0,0,0,0,有,無,1000000,617.0,nan,0.0,0,親友間特殊關係之交易,RPPNMLTJQHOFFDK96CA,0.0,0.0,0.0,nan,nan
224,竹南鎮,土地,慈裕段179地號,26.08,住,nan,nan,1080516,土地1建物0車位0,nan,nan,其他,nan,nan,nan,0.0,0,0,0,有,無,440000,16871.0,nan,0.0,0,向政府機關承購之案件。；標售逾期未辦理繼承登記,RPSNMLNLPHOFFDK86DA,0.0,0.0,0.0,nan,nan
225,西湖鄉,土地,新高埔段2242-1地號,272.26,nan,nan,nan,1080617,土地1建物0車位0,nan,nan,其他,nan,nan,nan,0.0,0,0,0,有,無,171523,630.0,nan,0.0,0,親友、員工或其他特殊關係間之交易。；,RPPNMLSJQHOFFEK07DA,0.0,0.0,0.0,nan,nan
226,苗栗市,房地(土地+建物),苗栗縣苗栗市鳳形１之１７號,204.0,nan,鄉村區,乙種建築用地,1080602,土地1建物1車位0,全,二層,透天厝,住家用,加強磚造,nan,147.22,4,2,2,有,無,1900000,12906.0,nan,0.0,0,親友、員工或其他特殊關係間之交易。；,RPOOMLOKQHOFFBK98CA,147.22,0.0,0.0,nan,nan
227,卓蘭鎮,房地(土地+建物),苗栗縣卓蘭鎮老庄112之1號,904.0,農,nan,nan,1080418,土地2建物1車位0,一層，二層,二層,農舍,農舍,鋼筋混凝土造,731005.0,294.46,9,5,4,有,無,4300000,nan,nan,0.0,0,nan,RPQNMLRLPHOFFAK66CA,294.46,0.0,0.0,nan,nan
228,苗栗市,房地(土地+建物),苗栗縣苗栗市文山里至公路５９８之１４號,60.5,nan,山坡地保育區,丙種建築用地,1080605,土地1建物1車位0,三層，四層，見其他登記事項,nan,店面(店鋪),住家用,鋼筋混凝土造,nan,158.86,5,2,2,有,無,2800000,17626.0,nan,0.0,0,nan,RPUPMLRJQHOFFBK27CA,147.22,0.0,11.64,nan,nan
229,通霄鎮,土地,大坪頂段685地號,931.2,nan,一般農業區,農牧用地,1080709,土地1建物0車位0,nan,nan,其他,nan,nan,nan,0.0,0,0,0,有,無,3000000,3222.0,nan,0.0,0,瑕疵物件之交易。；,RPTNMLOLPHOFFCK86CA,0.0,0.0,0.0,nan,nan
230,頭份市,房地(土地+建物),苗栗縣頭份市合興里８鄰合興街５３號,185.14,住,nan,nan,1080514,土地1建物1車位0,全,三層,透天厝,住家用,鋼筋混凝土造,790531.0,338.4,4,2,4,有,無,5720000,16903.0,nan,0.0,0,親友、員工或其他特殊關係間之交易。；,RPPOMLQLPHOFFFK07CA,313.77,7.52,17.11,nan,nan
231,頭份市,房地(土地+建物),苗栗縣頭份市忠孝里６鄰長安街８２號,42.16,住,nan,nan,1080531,土地1建物1車位0,一層，騎樓，地下層,六層,華廈(10層含以下有電梯),住家用,鋼筋混凝土造,830119.0,190.07,2,2,2,有,無,4200000,22097.0,nan,0.0,0,nan,RPPNMLKLQHOFFFK09CA,154.05,6.24,0.0,nan,nan
232,竹南鎮,土地,新山佳段313地號,83.25,住,nan,nan,1080619,土地1建物0車位0,nan,nan,其他,nan,nan,nan,0.0,0,0,0,有,無,4250000,51051.0,nan,0.0,0,親友、員工或其他特殊關係間之交易。；,RPUOMLPLPHOFFDK27CA,0.0,0.0,0.0,nan,nan
233,後龍鎮,房地(土地+建物),苗栗縣後龍鎮灣寶里１鄰圪仔內３之５號,1299.0,nan,特定農業區,農牧用地,1080601,土地1建物1車位0,一層，二層，屋頂突出物,二層,農舍,農舍,鋼筋混凝土造,880913.0,237.79,4,3,2,有,無,7000000,nan,nan,0.0,0,nan,RPWNMLQLPHOFFDK47CA,226.17,0.0,11.62,nan,nan
234,苗栗市,房地(土地+建物),苗栗縣苗栗市維祥里１５鄰四維街２３１巷６３號,332.0,nan,特定農業區,甲種建築用地,1080408,土地1建物1車位0,全,二層,透天厝,住家用,加強磚造,690901.0,180.24,4,3,2,有,無,4200000,23302.0,nan,0.0,0,親友、員工或其他特殊關係間之交易。；,RPPNMLQKQHOFFBK56CA,180.24,0.0,0.0,nan,nan
235,苗栗市,房地(土地+建物),苗栗縣苗栗市文山里8鄰文發路172號三樓,40.36,住,nan,nan,1080701,土地1建物1車位0,三層，四層，夾層,五層,公寓(5樓含以下無電梯),住家用,鋼筋混凝土造,840831.0,183.13,4,2,4,有,無,3900000,21296.0,nan,0.0,0,nan,RPUNMLNLPHOFFBK76CA,146.13,0.0,8.88,nan,nan
236,公館鄉,房地(土地+建物),苗栗縣公館鄉玉谷村９鄰玉谷１９９之１１號,2420.0,農,nan,nan,1080308,土地3建物1車位0,一層，二層,二層,農舍,農舍,鋼筋混凝土造,881215.0,265.96,5,2,2,有,無,22000000,nan,nan,0.0,0,親友、員工或其他特殊關係間之交易。；,RPPNMLMJQHOFFBK68CA,253.66,0.0,12.3,nan,nan
237,公館鄉,土地,福南段534-1地號,1.0,nan,特定農業區,農牧用地,1080619,土地1建物0車位0,nan,nan,其他,nan,nan,nan,0.0,0,0,0,有,無,3400,0.0,nan,0.0,0,親友、員工或其他特殊關係間之交易。；,RPXOMLPLPHOFFBK37CA,0.0,0.0,0.0,nan,nan
238,竹南鎮,房地(土地+建物),苗栗縣竹南鎮營盤里２０鄰博愛街３９２號,163.55,住,nan,nan,1080625,土地1建物1車位0,一層，二層，三層，四層，騎樓,四層,店面(店鋪),住商用,鋼筋混凝土造,811103.0,444.09,4,2,3,有,無,20900000,47063.0,nan,0.0,0,nan,RPTNMLOLPHOFFDK96CA,415.29,0.0,28.8,nan,nan
239,銅鑼鄉,房地(土地+建物),苗栗縣銅鑼鄉中平村１４鄰忠興街３號,1653.39,nan,工業區,丁種建築用地,1080329,土地1建物1車位0,一層，二層，屋頂突出物，水塔，避難室兼停車場，見其他登記事項,二層,廠辦,見其他登記事項,見其他登記事項,800202.0,1146.44,6,1,3,有,無,45000000,39252.0,nan,0.0,0,nan,RPPNMLTKQHOFFEK17CA,1146.44,0.0,0.0,nan,nan
240,苑裡鎮,房地(土地+建物),苗栗縣苑裡鎮社苓里１１鄰社苓１２２之１０號,172.33,nan,特定農業區,甲種建築用地,1080627,土地1建物1車位0,全,三層,透天厝,住家用,鋼筋混凝土造,851024.0,167.72,5,2,3,有,無,5700000,33985.0,nan,0.0,0,親友、員工或其他特殊關係間之交易。；,RPVNMLOLPHOFFCK07CA,164.81,0.0,2.91,nan,nan
241,苗栗市,房地(土地+建物),苗栗縣苗栗市水源里１４鄰中正路１４０２號,39.02,住,nan,nan,1080708,土地6建物1車位0,一層,一層,廠辦,商業用,見其他登記事項,891227.0,8.58,0,0,0,無,無,1050000,122378.0,nan,0.0,0,含增建或未登記建物。；急買急賣。；瑕疵物件之交易。；,RPXNMLOKQHOFFBK17CA,8.58,0.0,0.0,nan,nan
242,大湖鄉,土地,南昌段1149-1地號,11.68,nan,鄉村區,乙種建築用地,1080710,土地1建物0車位0,nan,nan,其他,nan,nan,nan,0.0,0,0,0,有,無,400000,34247.0,nan,0.0,0,畸零地或有合併使用之交易。；,RPTNMLPLPHOFFAK76CA,0.0,0.0,0.0,nan,nan
243,大湖鄉,土地,栗林南段219地號,1380.46,nan,山坡地保育區,農牧用地,1080704,土地1建物0車位0,nan,nan,其他,nan,nan,nan,0.0,0,0,0,有,無,820000,594.0,nan,0.0,0,親友、員工或其他特殊關係間之交易。；,RPPNMLPLPHOFFAK98CA,0.0,0.0,0.0,nan,nan
244,竹南鎮,土地,新博愛段191-1地號,4.74,住,nan,nan,1080602,土地1建物0車位0,nan,nan,其他,nan,nan,nan,0.0,0,0,0,有,無,129135,27244.0,nan,0.0,0,畸零地或有合併使用之交易。；畸零地或有合併使用之交易。,RPTNMLSJQHOFFDK27CA,0.0,0.0,0.0,nan,nan
245,苑裡鎮,房地(土地+建物),苗栗縣苑裡鎮苑港里２鄰苑港１０之６９號,414.98,工,nan,nan,1080610,土地2建物1車位0,一層，二層，見其他登記事項,二層,工廠,見其他登記事項,鋼筋混凝土造,1071004.0,522.32,0,0,0,無,無,18680000,nan,nan,0.0,0,nan,RPPNMLKMPHOFFCK78CA,522.32,0.0,0.0,nan,nan
246,頭份市,土地,下興段100地號,220.63,nan,鄉村區,乙種建築用地,1080710,土地1建物0車位0,nan,nan,其他,nan,nan,nan,0.0,0,0,0,有,無,2316615,10500.0,nan,0.0,0,親友、員工或其他特殊關係間之交易。；父子間?與因自用住宅稅例,RPRNMLQLPHOFFFK17CA,0.0,0.0,0.0,nan,nan
247,銅鑼鄉,房地(土地+建物),苗栗縣銅鑼鄉樟樹村６鄰樟樹７２之２號,188.64,nan,特定農業區,甲種建築用地,1080614,土地1建物1車位0,全,二層,透天厝,住家用,加強磚造,710215.0,103.86,2,1,1,有,無,560000,5392.0,nan,0.0,0,親友、員工或其他特殊關係間之交易。；,RPPNMLLMPHOFFEK09CA,103.86,0.0,0.0,nan,nan
248,三義鄉,房地(土地+建物),苗栗縣三義鄉鯉魚潭村９鄰南片山下５２之９號,2812.59,nan,特定農業區,農牧用地,1080425,土地1建物1車位0,一層，二層，屋頂突出物,二層,農舍,農舍,鋼筋混凝土造,1030519.0,434.89,8,2,4,有,無,39000000,nan,nan,0.0,0,nan,RPQNMLSJQHOFFEK07CA,434.89,0.0,0.0,nan,nan
249,苑裡鎮,房地(土地+建物),苗栗縣苑裡鎮苑港里１鄰中山路４５１號,1011.75,工,nan,nan,1080707,土地4建物2車位0,一層，騎樓,一層,廠辦,見其他登記事項,見其他登記事項,880415.0,342.96,0,0,0,無,無,22000000,64147.0,nan,0.0,0,nan,RPTNMLTKQHOFFCK37CA,342.96,0.0,0.0,nan,nan
250,通霄鎮,土地,烏眉坑段269-38地號,2631.0,nan,山坡地保育區,農牧用地,1080413,土地1建物0車位0,nan,nan,其他,nan,nan,nan,0.0,0,0,0,有,無,5000000,1900.0,nan,0.0,0,土地分次登記案件、尚有規劃中供通行農路及公共使用共有持分土地未移轉。,RPRNMLMJQHOFFCK98CA,0.0,0.0,0.0,nan,nan
251,後龍鎮,土地,灣瓦段527地號,1023.0,nan,山坡地保育區,農牧用地,1080715,土地2建物0車位0,nan,nan,其他,nan,nan,nan,0.0,0,0,0,有,無,400000,391.0,nan,0.0,0,親友、員工或其他特殊關係間之交易。；,RPQOMLQLPHOFFDK96CA,0.0,0.0,0.0,nan,nan
252,大湖鄉,土地,興榮段96-256地號,4799.0,nan,山坡地保育區,農牧用地,1080702,土地1建物0車位0,nan,nan,其他,nan,nan,nan,0.0,0,0,0,有,無,300000,63.0,nan,0.0,0,親友、員工或其他特殊關係間之交易。；,RPQNMLTLPHOFFAK86CA,0.0,0.0,0.0,nan,nan
253,獅潭鄉,土地,獅潭段和興小段47地號,606.0,nan,山坡地保育區,農牧用地,1080715,土地1建物0車位0,nan,nan,其他,nan,nan,nan,0.0,0,0,0,有,無,600000,990.0,nan,0.0,0,親友、員工或其他特殊關係間之交易。；,RPPNMLKMPHOFFAK58CA,0.0,0.0,0.0,nan,nan
254,苗栗市,房地(土地+建物),苗栗縣苗栗市玉清里２１鄰自強路２６號,99.15,nan,鄉村區,乙種建築用地,1080705,土地1建物1車位0,全,nan,透天厝,住家用,加強磚造,nan,150.67,3,2,2,有,無,4000000,26548.0,nan,0.0,0,親友、員工或其他特殊關係間之交易。；,RPPNMLKMPHOFFBK68CA,150.67,0.0,0.0,nan,nan
255,頭屋鄉,土地,頭屋段一小段1018地號,17.43,住,nan,nan,1080606,土地2建物0車位0,nan,nan,其他,nan,nan,nan,0.0,0,0,0,有,無,150000,8606.0,nan,0.0,0,親友、員工或其他特殊關係間之交易。；受債權債務影響或債務抵償之交易。；,RPPNMLQLQHOFFBK66CA,0.0,0.0,0.0,nan,nan
256,苗栗市,房地(土地+建物),苗栗縣苗栗市青苗里９鄰中山路５９８巷７號,53.0,商,nan,nan,1080716,土地1建物1車位0,一層，二層，見其他登記事項,nan,店面(店鋪),商業用,加強磚造,nan,105.46,0,0,0,無,無,6000000,56894.0,nan,0.0,0,含增建或未登記建物。；,RPSOMLSJQHOFFBK07CA,105.46,0.0,0.0,nan,nan
257,造橋鄉,土地,造橋段510-17地號,466.0,nan,山坡地保育區,農牧用地,1080415,土地1建物0車位0,nan,nan,其他,nan,nan,nan,0.0,0,0,0,有,無,233000,500.0,nan,0.0,0,親友、員工或其他特殊關係間之交易。；,RPOOMLRJQHOFFDK76CA,0.0,0.0,0.0,nan,nan
258,後龍鎮,房地(土地+建物),苗栗縣後龍鎮北龍里5鄰田心118之1號,949.5,住,nan,nan,1071016,土地8建物1車位0,一層，二層，三層，四層，騎樓,四層,其他,住家用,鋼筋混凝土造,820724.0,1202.41,17,3,5,有,無,38000000,31603.0,nan,0.0,0,微笑之家精神復健機構,RPUNMLKMPHOFFDK76CA,1142.91,0.0,59.5,nan,nan
259,竹南鎮,土地,后厝段666地號,112.14,住,nan,nan,1080528,土地1建物0車位0,nan,nan,其他,nan,nan,nan,0.0,0,0,0,有,無,4000000,35670.0,nan,0.0,0,親友、員工或其他特殊關係間之交易。；,RPPNMLLMPHOFFDK98CA,0.0,0.0,0.0,nan,nan
260,苑裡鎮,房地(土地+建物),苗栗縣苑裡鎮苑港里１鄰中山路４５１號,1011.75,工,nan,nan,1080707,土地4建物2車位0,一層，騎樓,一層,廠辦,見其他登記事項,見其他登記事項,880415.0,342.96,0,0,0,無,無,27000000,78726.0,nan,0.0,0,內含相關設施、動產口頭約定,RPSNMLTKQHOFFCK27CA,342.96,0.0,0.0,nan,nan
261,竹南鎮,土地,慈裕段183地號,4.55,住,nan,nan,1080528,土地1建物0車位0,nan,nan,其他,nan,nan,nan,0.0,0,0,0,有,無,112200,24659.0,nan,0.0,0,向政府機關承購之案件。；,RPRNMLLMPHOFFDK66DA,0.0,0.0,0.0,nan,nan
262,苗栗市,房地(土地+建物),苗栗縣苗栗市自治路１４１號,114.0,商,nan,nan,1080708,土地1建物1車位0,一層，二層，地下層，見其他登記事項,nan,店面(店鋪),住商用,鋼筋混凝土造,701002.0,243.57,0,0,0,無,無,8350000,34282.0,nan,0.0,0,含增建或未登記建物。；,RPRNMLTJQHOFFBK96CA,243.57,0.0,0.0,nan,nan
263,頭屋鄉,房地(土地+建物),苗栗縣頭屋鄉獅潭村１１鄰獅潭１７之５號,35.5,nan,山坡地保育區,丙種建築用地,1080718,土地1建物1車位0,全,nan,透天厝,住商用,加強磚造,701015.0,61.7,2,2,2,有,無,1600000,25932.0,nan,0.0,0,親友、員工或其他特殊關係間之交易。；尾款60萬買方於簽約日次年109年起每一年底分六年平均支付賣方,RPWNMLLMPHOFFBK86CA,61.7,0.0,0.0,nan,nan
264,公館鄉,房地(土地+建物)+車位,苗栗縣公館鄉玉谷村１２鄰向陽４７號十樓,2.03,住,nan,nan,1080603,土地1建物1車位1,十層,十層,華廈(10層含以下有電梯),住家用,鋼筋混凝土造,821203.0,13.92,4,2,1,有,有,300000,21552.0,坡道平面,0.0,0,親友、員工或其他特殊關係間之交易。；,RPPOMLLMPHOFFBK88CA,9.32,0.0,1.08,nan,nan
265,苗栗市,土地,英才段1184地號,137.66,住,nan,nan,1080711,土地1建物0車位0,nan,nan,其他,nan,nan,nan,0.0,0,0,0,有,無,7564109,54948.0,nan,0.0,0,受債權債務影響或債務抵償之交易。；,RPTNMLLJQHOFFBK98CA,0.0,0.0,0.0,nan,nan
266,苗栗市,房地(土地+建物)+車位,苗栗縣苗栗市建功里３２鄰和興街６２號四樓,13.89,住,nan,nan,1080713,土地1建物1車位1,四層,nan,華廈(10層含以下有電梯),住家用,鋼筋混凝土造,861112.0,111.0,3,2,2,有,有,2568497,23140.0,升降機械,0.0,0,親友、員工或其他特殊關係間之交易。；,RPROMLLJQHOFFBK88CA,74.76,0.0,1.79,nan,nan
267,頭屋鄉,土地,二岡坪段二岡坪小段505-3地號,160.0,nan,鄉村區,乙種建築用地,1080711,土地1建物0車位0,nan,nan,其他,nan,nan,nan,0.0,0,0,0,有,無,1000000,6250.0,nan,0.0,0,親友、員工或其他特殊關係間之交易。；含增建或未登記建物。；,RPVOMLQJQHOFFBK17CA,0.0,0.0,0.0,nan,nan
268,後龍鎮,土地,新港段埔頂小段1461地號,1290.0,nan,特定農業區,農牧用地,1080626,土地1建物0車位0,nan,nan,其他,nan,nan,nan,0.0,0,0,0,有,無,3000000,2326.0,nan,0.0,0,親友、員工或其他特殊關係間之交易。；,RPSNMLMJQHOFFDK56CA,0.0,0.0,0.0,nan,nan
269,頭份市,房地(土地+建物),苗栗縣頭份市成功里１鄰忠孝一路３１８之３號二樓,13.79,住,nan,nan,1080708,土地1建物1車位0,二層,十層,華廈(10層含以下有電梯),住家用,鋼筋混凝土造,820922.0,125.11,3,2,2,有,有,3700000,29574.0,nan,0.0,0,親友、員工或其他特殊關係間之交易。；,RPQNMLLJQHOFFFK09CA,89.43,0.0,5.9,nan,nan
270,頭份市,土地,慶華段783地號,1468.55,nan,山坡地保育區,農牧用地,1080703,土地1建物0車位0,nan,nan,其他,nan,nan,nan,0.0,0,0,0,有,無,930000,633.0,nan,0.0,0,親友、員工或其他特殊關係間之交易。；,RPRNMLMJQHOFFFK66CA,0.0,0.0,0.0,nan,nan
271,三灣鄉,土地,內灣段569-2地號,6.0,nan,山坡地保育區,農牧用地,1080506,土地1建物0車位0,nan,nan,其他,nan,nan,nan,0.0,0,0,0,有,無,3498,583.0,nan,0.0,0,向政府機關承購之案件。；,RPRNMLQKQHOFFFK27DA,0.0,0.0,0.0,nan,nan
272,通霄鎮,土地,白東段792地號,758.8,nan,山坡地保育區,農牧用地,1080710,土地2建物0車位0,nan,nan,其他,nan,nan,nan,0.0,0,0,0,有,無,200000,264.0,nan,0.0,0,親友、員工或其他特殊關係間之交易。；,RPPNMLMJQHOFFCK88DA,0.0,0.0,0.0,nan,nan
273,苑裡鎮,房地(土地+建物),苗栗縣苑裡鎮社苓里3鄰社苓26之3號,141.63,nan,特定農業區,甲種建築用地,1080705,土地1建物1車位0,全,四層,透天厝,住家用,鋼筋混凝土造,1050812.0,224.43,4,3,5,有,無,8800000,39210.0,nan,0.0,0,買清，買方不負擔任何稅費及仲介費。,RPRNMLOKQHOFFCK66CA,204.3,0.0,20.13,nan,nan
274,通霄鎮,土地,五里牌段隘口寮小段62-2地號,2240.0,nan,山坡地保育區,農牧用地,1080717,土地2建物0車位0,nan,nan,其他,nan,nan,nan,0.0,0,0,0,有,無,2060800,920.0,nan,0.0,0,親友、員工或其他特殊關係間之交易。；,RPSNMLOKQHOFFCK76CA,0.0,0.0,0.0,nan,nan
275,通霄鎮,土地,五里牌段隘口寮小段294-19地號,6453.0,nan,山坡地保育區,農牧用地,1080717,土地3建物0車位0,nan,nan,其他,nan,nan,nan,0.0,0,0,0,有,無,5236760,812.0,nan,0.0,0,親友、員工或其他特殊關係間之交易。；,RPTNMLOKQHOFFCK86CA,0.0,0.0,0.0,nan,nan
276,苑裡鎮,土地,苑坑段132地號,1116.98,nan,山坡地保育區,農牧用地,1080718,土地1建物0車位0,nan,nan,其他,nan,nan,nan,0.0,0,0,0,有,無,1600000,1432.0,nan,0.0,0,受債權債務影響或債務抵償之交易。；,RPVNMLRJQHOFFCK27CA,0.0,0.0,0.0,nan,nan
277,苗栗市,房地(土地+建物),苗栗縣苗栗市玉苗里２鄰米市街２１之１號,247.0,住,nan,nan,1080613,土地2建物1車位0,一層，騎樓,一層,倉庫,見其他登記事項,見其他登記事項,910722.0,125.75,0,0,0,無,無,39800000,nan,nan,0.0,0,nan,RPQNMLQJQHOFFBK56CA,125.75,0.0,0.0,nan,nan
278,通霄鎮,土地,五里牌段隘口寮小段294-24地號,67.0,nan,nan,nan,1080717,土地1建物0車位0,nan,nan,其他,nan,nan,nan,0.0,0,0,0,有,無,52260,780.0,nan,0.0,0,親友、員工或其他特殊關係間之交易。；,RPPNMLPKQHOFFCK56CA,0.0,0.0,0.0,nan,nan
279,西湖鄉,土地,二湖段1165-3地號,81.0,nan,山坡地保育區,農牧用地,1080722,土地2建物0車位0,nan,nan,其他,nan,nan,nan,0.0,0,0,0,有,無,40000,494.0,nan,0.0,0,親友間特殊關係之交易,RPRNMLTJQHOFFEK27CA,0.0,0.0,0.0,nan,nan
280,銅鑼鄉,土地,老雞隆段647地號,131.0,nan,山坡地保育區,農牧用地,1080708,土地1建物0車位0,nan,nan,其他,nan,nan,nan,0.0,0,0,0,有,無,30000,229.0,nan,0.0,0,親友、員工或其他特殊關係間之交易。；,RPSNMLLLQHOFFEK76CA,0.0,0.0,0.0,nan,nan
281,南庄鄉,土地,北獅里興段北獅里興小段143-8地號,162.19,nan,山坡地保育區,丙種建築用地,1080628,土地2建物0車位0,nan,nan,其他,nan,nan,nan,0.0,0,0,0,有,無,200000,1233.0,nan,0.0,0,親友、員工或其他特殊關係間之交易。；,RPUNMLRJQHOFFFK47CA,0.0,0.0,0.0,nan,nan
282,西湖鄉,土地,三湖段670-15地號,2500.0,nan,山坡地保育區,林業用地,1080611,土地1建物0車位0,nan,nan,其他,nan,nan,nan,0.0,0,0,0,有,無,4200000,1680.0,nan,0.0,0,親友、員工或其他特殊關係間之交易。；,RPRNMLSJQHOFFEK17CA,0.0,0.0,0.0,nan,nan
283,造橋鄉,土地,牛欄湖段219-8地號,506.0,nan,山坡地保育區,暫未編定,1080530,土地3建物0車位0,nan,nan,其他,nan,nan,nan,0.0,0,0,0,有,無,511060,1010.0,nan,0.0,0,向政府機關承購之案件。；,RPXNMLMKQHOFFDK27DA,0.0,0.0,0.0,nan,nan
284,公館鄉,土地,福南段683地號,510.0,nan,特定農業區,甲種建築用地,1080705,土地1建物0車位0,nan,nan,其他,nan,nan,nan,0.0,0,0,0,有,無,7500000,14706.0,nan,0.0,0,親友、員工或其他特殊關係間之交易。；,RPQPMLSJQHOFFBK96CA,0.0,0.0,0.0,nan,nan
285,公館鄉,土地,石墻段27地號,278.94,nan,特定農業區,甲種建築用地,1080718,土地3建物0車位0,nan,nan,其他,nan,nan,nan,0.0,0,0,0,有,無,3375200,12100.0,nan,0.0,0,親友、員工或其他特殊關係間之交易。；,RPWNMLTJQHOFFBK47CA,0.0,0.0,0.0,nan,nan
286,造橋鄉,土地,劍潭段179地號,120.25,nan,鄉村區,乙種建築用地,1080729,土地1建物0車位0,nan,nan,其他,nan,nan,nan,0.0,0,0,0,有,無,1080000,8981.0,nan,0.0,0,親友、員工或其他特殊關係間之交易。；,RPXNMLRJQHOFFDK67DA,0.0,0.0,0.0,nan,nan
287,後龍鎮,土地,龍城段1823地號,288.52,nan,一般農業區,農牧用地,1080729,土地1建物0車位0,nan,nan,其他,nan,nan,nan,0.0,0,0,0,有,無,196194,680.0,nan,0.0,0,親友、員工或其他特殊關係間之交易。；權利人共三人,RPSNMLTJQHOFFDK37DA,0.0,0.0,0.0,nan,nan
288,後龍鎮,土地,龍西段34-21地號,23.0,住,nan,nan,1080717,土地1建物0車位0,nan,nan,其他,nan,nan,nan,0.0,0,0,0,有,無,575000,25000.0,nan,0.0,0,向政府機關承購之案件。；,RPPNMLPKQHOFFDK76DA,0.0,0.0,0.0,nan,nan
289,頭份市,房地(土地+建物),苗栗縣頭份市濫坑里9鄰福樂新村84號,89.55,nan,山坡地保育區,丙種建築用地,1080705,土地1建物1車位0,全,二層,透天厝,住家用,加強磚造,700415.0,105.24,4,1,3,有,無,1100000,10452.0,nan,0.0,0,親友、員工或其他特殊關係間之交易。；,RPPPMLRJQHOFFFK27DA,87.12,9.66,8.46,nan,nan
290,竹南鎮,土地,慈裕段1029地號,11.42,其他,nan,nan,1080729,土地1建物0車位0,nan,nan,其他,nan,nan,nan,0.0,0,0,0,有,無,138180,12100.0,nan,0.0,0,包含公共設施保留地之交易。；,RPWNMLMKQHOFFDK07CA,0.0,0.0,0.0,nan,nan
291,苗栗市,土地,建功段425地號,3.97,住,nan,nan,1080709,土地1建物0車位0,nan,nan,其他,nan,nan,nan,0.0,0,0,0,有,無,300000,75567.0,nan,0.0,0,畸零地或有合併使用之交易。；,RPRNMLTKQHOFFBK07CA,0.0,0.0,0.0,nan,nan
292,頭屋鄉,房地(土地+建物),苗栗縣頭屋鄉頭屋村１５鄰中山街３８巷２號,89.56,住,nan,nan,1080627,土地1建物1車位0,全,三層,透天厝,住家用,鋼筋混凝土造,701201.0,159.59,3,1,1,有,無,1142959,7162.0,nan,0.0,0,親友、員工或其他特殊關係間之交易。；,RPQNMLNKQHOFFBK98CA,130.24,0.0,29.35,nan,nan
293,竹南鎮,房地(土地+建物),苗栗縣竹南鎮頂埔里１２鄰中華路１６０號,209.91,工,nan,nan,1080617,土地1建物1車位0,全,一層,透天厝,住家用,鋼筋混凝土加強磚造,631001.0,113.96,7,2,0,有,無,5750000,50456.0,nan,0.0,0,親友、員工或其他特殊關係間之交易。；母子特殊關係之買賣交易2，3，4樓未辦建物登記,RPXNMLSJQHOFFDK67CA,113.96,0.0,0.0,nan,nan
294,苑裡鎮,房地(土地+建物),苗栗縣苑裡鎮苑東里１鄰建國路１０巷４２號,130.09,住,nan,nan,1080701,土地1建物1車位0,全,三層,透天厝,住商用,鋼筋混凝土造,nan,242.88,5,2,3,有,無,6500000,26762.0,nan,0.0,0,親友、員工或其他特殊關係間之交易。；,RPQNMLTJQHOFFCK96CA,242.88,0.0,0.0,nan,nan
295,苗栗市,房地(土地+建物),苗栗縣苗栗市勝利65號,319.48,農,nan,nan,1080705,土地3建物1車位0,全,二層,透天厝,住家用,加強磚造,660601.0,172.11,5,2,2,有,無,5000000,29051.0,nan,0.0,0,親友、員工或其他特殊關係間之交易。；,RPPNMLRJQHOFFBK86CD,160.04,12.07,0.0,nan,nan
296,通霄鎮,土地,白沙段830地號,83.67,nan,鄉村區,乙種建築用地,1080723,土地1建物0車位0,nan,nan,其他,nan,nan,nan,0.0,0,0,0,有,無,685924,8198.0,nan,0.0,0,親友、員工或其他特殊關係間之交易。；含增建或未登記建物。；房地交易總價含未登記保存建物,RPPNMLMKQHOFFCK98DA,0.0,0.0,0.0,nan,nan
297,頭份市,土地,六合段1493地號,540.44,nan,山坡地保育區,林業用地,1080705,土地2建物0車位0,nan,nan,其他,nan,nan,nan,0.0,0,0,0,有,無,3400000,6291.0,nan,0.0,0,受債權債務影響或債務抵償之交易。；丙種建築用地總價320萬元林業用地總價20萬元,RPSNMLQKQHOFFFK27CA,0.0,0.0,0.0,nan,nan
298,南庄鄉,土地,北獅里興段獅頭驛小段117-155地號,2809.0,nan,山坡地保育區,林業用地,1080705,土地3建物0車位0,nan,nan,其他,nan,nan,nan,0.0,0,0,0,有,無,100000,36.0,nan,0.0,0,受債權債務影響或債務抵償之交易。；,RPPNMLSLQHOFFFK27CA,0.0,0.0,0.0,nan,nan
299,後龍鎮,土地,秀水段647地號,272.34,nan,特定農業區,農牧用地,1080729,土地2建物0車位0,nan,nan,其他,nan,nan,nan,0.0,0,0,0,有,無,900000,3305.0,nan,0.0,0,親友、員工或其他特殊關係間之交易。；買方負擔增值稅67516元。,RPVNMLNKQHOFFDK07CA,0.0,0.0,0.0,nan,nan
300,苗栗市,房地(土地+建物),苗栗縣苗栗市建功里１５鄰中山路３５６號,39.0,住,nan,nan,1080705,土地2建物1車位0,一層，二層，騎樓,二層,店面(店鋪),住家用,加強磚造,511201.0,78.0,0,0,0,無,無,3500000,44872.0,nan,0.0,0,含增建未辦建物第一次登記之建物,RPPNMLSJRHOFFBK76CA,78.0,0.0,0.0,nan,nan
